Employee Number,Employee Name,Date of Birth,Sex,Citizenship,Race,State,Zip,Marital Status,Department,Manager Name,Position,Performance Rank,Performance Score,Pay Rate,Employee Source,Employment Status,Date of Hire,Date of Termination,Reason for Termination
1103024456,"Brown, Mia",1987-11-24,Female,US Citizen,African American,MA,01450,Married,Admin Offices,Brandon R. LeBlanc,Accountant I,3,Fully Meets,28.5,Diversity Job Fair,Active,2012-10-27,,N/A
1106026572,"LaRotonda, William",1984-04-26,Male,US Citizen,African American,MA,01460,Divorced,Admin Offices,Brandon R. LeBlanc,Accountant I,3,Fully Meets,23,Website Banner Ads,Active,2018-01-06,,N/A
1302053333,"Steans, Tyrone",1986-09-01,Male,US Citizen,White,MA,02703,Single,Admin Offices,Brandon R. LeBlanc,Accountant I,3,Fully Meets,29,Internet Search,Active,2018-09-29,,N/A
1211050782,"Howard, Estelle",1985-09-16,Female,US Citizen,White,MA,02170,Married,Admin Offices,Brandon R. LeBlanc,Administrative Assistant,0,N/A,21.5,Pay Per Click - Google,Active,2019-02-16,,N/A
1307059817,"Singh, Nan",1988-05-19,Female,US Citizen,White,MA,02330,Single,Admin Offices,Brandon R. LeBlanc,Administrative Assistant,0,N/A,16.56,Website Banner Ads,Active,2019-05-01,,N/A
0711007713,"Smith, Leigh Ann",1987-06-14,Female,US Citizen,Asian,MA,01844,Married,Admin Offices,Brandon R. LeBlanc,Administrative Assistant,3,Fully Meets,20.5,Diversity Job Fair,Voluntarily Terminated,2015-09-26,2017-09-25,Another Position / Career Change
1102024115,"LeBlanc, Brandon  R",1984-06-10,Male,US Citizen,White,MA,01460,Married,Admin Offices,Janet King,Shared Services Manager,3,Fully Meets,55,Monster.com,Active,2020-01-05,,N/A
1206043417,"Quinn, Sean",1984-11-06,Male,Eligible NonCitizen,African American,MA,02045,Married,Admin Offices,Janet King,Shared Services Manager,3,Fully Meets,55,Diversity Job Fair,Voluntarily Terminated,2015-02-21,2019-08-15,Another Position / Career Change
1307060188,"Boutwell, Bonalyn",1987-04-04,Female,US Citizen,Asian,MA,02468,Married,Admin Offices,Brandon R. LeBlanc,Sr. Accountant,3,Fully Meets,34.95,Diversity Job Fair,Active,2019-02-16,,N/A
1201031308,"Foster-Baker, Amy",1979-04-16,Female,US Citizen,White,MA,02050,Married,Admin Offices,Board of Directors,Sr. Accountant,3,Fully Meets,34.95,Other,Active,2013-01-05,,N/A
1001495124,"King, Janet",1954-09-21,Female,US Citizen,White,MA,01902,Married,Executive Office,Board of Directors,President & CEO,3,Fully Meets,80,Pay Per Click - Google,Active,2016-07-02,,N/A
1112030816,"Zamora, Jennifer",1979-08-30,Female,US Citizen,White,MA,02067,Single,IT/IS,Janet King,CIO,5,Exceptional,65,Employee Referral,Active,2014-04-10,,N/A
1102024056,"Becker, Renee",1986-04-04,Female,US Citizen,White,MA,02026,Single,IT/IS,Simon Roup,Database Administrator,3,Fully Meets,43,Search Engine - Google Bing Yahoo,Terminated for Cause,2018-07-07,2019-09-12,Performance
0905013738,"Goble, Taisha",1971-10-23,Female,US Citizen,White,MA,02127,Single,IT/IS,Simon Roup,Database Administrator,3,Fully Meets,48.5,Glassdoor,Terminated for Cause,2019-02-16,2019-03-15,Gross Misconduct
1410071156,"Hernandez, Daniff",1986-08-07,Male,US Citizen,African American,MA,01960,Married,IT/IS,Simon Roup,Database Administrator,0,N/A,40.1,Employee Referral,Terminated for Cause,2019-02-16,2019-02-22,Gross Misconduct
1105025718,"Horton, Jayne",1984-02-21,Female,US Citizen,White,MA,02493,Single,IT/IS,Simon Roup,Database Administrator,0,N/A,34,Glassdoor,Active,2019-03-30,,N/A
1003018246,"Johnson, Noelle",1986-11-07,Female,US Citizen,Asian,MA,02301,Married,IT/IS,Simon Roup,Database Administrator,3,Fully Meets,40,Glassdoor,Leave of Absence,2019-01-05,,N/A
1406068403,"Murray, Thomas",1988-07-04,Male,US Citizen,African American,TX,78230,Divorced,IT/IS,Simon Roup,Database Administrator,5,Exceptional,35.5,Diversity Job Fair,Active,2018-11-10,,N/A
1102023965,"Pearson, Randall",1984-09-05,Male,US Citizen,White,MA,02747,Married,IT/IS,Simon Roup,Database Administrator,3,Fully Meets,41,Employee Referral,Voluntarily Terminated,2018-12-01,2020-05-01,Performance
1108027853,"Petrowsky, Thelma",1984-09-16,Female,US Citizen,Asian,MA,01886,Married,IT/IS,Simon Roup,Database Administrator,5,Exceptional,42.75,Employee Referral,Active,2018-11-10,,N/A
1407068885,"Roby, Lori",1981-10-11,Female,US Citizen,White,MA,01886,Married,IT/IS,Simon Roup,Database Administrator,3,Fully Meets,39.55,Employee Referral,Active,2019-02-16,,N/A
1203032255,"Rogers, Ivan",1986-08-26,Male,US Citizen,White,MA,01810,Married,IT/IS,Simon Roup,Database Administrator,0,N/A,42.2,Pay Per Click - Google,Active,2019-03-30,,N/A
1111030148,"Salter, Jason",1987-12-17,Male,US Citizen,African American,MA,02452,Divorced,IT/IS,Simon Roup,Database Administrator,3,Fully Meets,45,Vendor Referral,Voluntarily Terminated,2019-01-05,2019-10-31,Working Hours
0808010278,"Simard, Kramer",1970-02-08,Male,US Citizen,White,MA,02110,Married,IT/IS,Simon Roup,Database Administrator,3,Fully Meets,30.2,Employee Referral,Active,2019-01-05,,N/A
1110029732,"Zhou, Julia",1979-02-24,Female,US Citizen,White,MA,02148,Single,IT/IS,Simon Roup,Database Administrator,3,Fully Meets,31.4,Employee Referral,Active,2019-03-30,,N/A
1192991000,"Foss, Jason",1980-07-05,Male,US Citizen,African American,MA,01460,Single,IT/IS,Jennifer Zamora,IT Director,5,Exceptional,65,Professional Society,Active,2015-04-15,,N/A
1106026933,"Roup,Simon",1973-04-05,Male,US Citizen,White,MA,02481,Single,IT/IS,Jennifer Zamora,IT Manager - DB,3,Fully Meets,62,Professional Society,Active,2017-01-20,,N/A
1001175250,"Ruiz, Ricardo",1964-01-04,Male,US Citizen,Hispanic,MA,01915,Divorced,IT/IS,Jennifer Zamora,IT Manager - DB,3,Fully Meets,21,Diversity Job Fair,Voluntarily Terminated,2016-01-09,2019-11-04,Working Hours
1011022863,"Monroe, Peter",1986-10-05,Male,Eligible NonCitizen,Hispanic,MA,02134,Married,IT/IS,Jennifer Zamora,IT Manager - Infra,2,Needs Improvement,63,Diversity Job Fair,Active,2016-02-15,,N/A
1101023754,"Dougall, Eric",1970-07-09,Male,US Citizen,White,MA,01886,Single,IT/IS,Jennifer Zamora,IT Manager - Support,4,Exceeds,64,Professional Society,Active,2018-01-05,,N/A
1301052902,"Clayton, Rick",1985-09-05,Male,US Citizen,White,MA,02170,Single,IT/IS,Eric Dougall,IT Support,3,Fully Meets,28.99,Glassdoor,Active,2016-09-05,,N/A
1501072093,"Galia, Lisa",1968-07-06,Female,US Citizen,White,CT,06040,Single,IT/IS,Eric Dougall,IT Support,3,Fully Meets,31.4,Vendor Referral,Active,2014-05-01,,N/A
0602000312,"Lindsay, Leonara",1988-10-05,Female,US Citizen,Hispanic,CT,06070,Single,IT/IS,Eric Dougall,IT Support,4,Exceeds,26,Diversity Job Fair,Active,2015-01-21,,N/A
1203032263,"Soto, Julia",1973-03-12,Female,US Citizen,African American,MA,02360,Married,IT/IS,Eric Dougall,IT Support,3,Fully Meets,27.49,Information Session,Active,2015-06-10,,N/A
1212052023,"Bacong, Alejandro",1988-01-07,Male,US Citizen,White,MA,01886,Divorced,IT/IS,Peter Monroe,Network Engineer,3,Fully Meets,45,Glassdoor,Active,2019-01-05,,N/A
1102024173,"Cisco, Anthony",1989-11-24,Male,US Citizen,White,MA,02135,Married,IT/IS,Peter Monroe,Network Engineer,0,N/A,42,Information Session,Active,2019-03-30,,N/A
1101023540,"Dolan, Linda",1988-07-18,Female,US Citizen,White,MA,02119,Married,IT/IS,Peter Monroe,Network Engineer,3,Fully Meets,37,Employee Referral,Active,2019-01-05,,N/A
1988299991,"Gonzalez, Maria",1981-04-16,Female,US Citizen,White,MA,02472,Separated,IT/IS,Peter Monroe,Network Engineer,3,Fully Meets,39,Employee Referral,Active,2019-01-05,,N/A
1012023013,"Merlos, Carlos",1987-06-18,Male,US Citizen,White,MA,02138,Single,IT/IS,Peter Monroe,Network Engineer,0,N/A,43,Vendor Referral,Active,2019-03-30,,N/A
1001956578,"Morway, Tanya",1979-04-04,Female,US Citizen,White,MA,02048,Married,IT/IS,Peter Monroe,Network Engineer,3,Fully Meets,27,Monster.com,Active,2019-02-16,,N/A
0906014183,"Shepard, Anita",1981-04-14,Female,US Citizen,White,MA,01773,Married,IT/IS,Peter Monroe,Network Engineer,3,Fully Meets,47,Vendor Referral,Active,2018-09-30,,N/A
1104025466,"Tredinnick, Neville",1988-05-05,Male,US Citizen,White,MA,01420,Married,IT/IS,Peter Monroe,Network Engineer,3,Fully Meets,28,Monster.com,Voluntarily Terminated,2019-01-05,2019-05-12,Medical Issues
1411071506,"Turpin, Jumil",1969-03-31,Male,Eligible NonCitizen,White,MA,02343,Married,IT/IS,Peter Monroe,Network Engineer,0,N/A,49.1,Employee Referral,Active,2019-03-30,,N/A
1307060199,"Ait Sidi, Karthikeyan",1975-05-05,Male,US Citizen,White,MA,02148,Married,IT/IS,Simon Roup,Sr. DBA,3,Fully Meets,62,Company Intranet - Partner,Voluntarily Terminated,2019-03-30,2020-06-16,Another Position / Career Change
1010022337,"Carr, Claudia  N",1986-06-06,Female,US Citizen,African American,MA,01886,Single,IT/IS,Simon Roup,Sr. DBA,0,N/A,61.3,Vendor Referral,Active,2020-06-30,,N/A
1412071562,"Favis, Donald",1964-07-30,Male,US Citizen,African American,CT,06033,Single,IT/IS,Simon Roup,Sr. DBA,3,Fully Meets,58.2,Vendor Referral,Terminated for Cause,2018-02-17,2020-02-19,Working Hours
1111030266,"Roehrich, Bianca",1973-05-27,Female,US Citizen,White,MA,02703,Single,IT/IS,Simon Roup,Sr. DBA,3,Fully Meets,58.5,Vendor Referral,Voluntarily Terminated,2019-01-05,2019-11-10,Another Position / Career Change
1411071312,"Daniele, Ann",1952-01-18,Female,US Citizen,White,CT,06033,Married,IT/IS,Peter Monroe,Sr. Network Engineer,3,Fully Meets,54.1,Vendor Referral,Leave of Absence,2018-11-10,,N/A
1108028108,"Lajiri,  Jyoti",1986-04-23,Male,US Citizen,White,MA,02169,Married,IT/IS,Peter Monroe,Sr. Network Engineer,3,Fully Meets,56.2,Employee Referral,Leave of Absence,2018-11-10,,N/A
0904013591,"Semizoglou, Jeremiah",1983-02-09,Male,US Citizen,Asian,MA,01545,Married,IT/IS,Peter Monroe,Sr. Network Engineer,0,N/A,53.8,On-campus Recruiting,Active,2020-06-30,,N/A
1308060959,"South, Joe",1965-09-09,Male,US Citizen,White,CT,06278,Single,IT/IS,Peter Monroe,Sr. Network Engineer,3,Fully Meets,53,Employee Referral,Active,2018-11-10,,N/A
1301052347,"Warfield, Sarah",1978-05-02,Female,US Citizen,Asian,MA,02453,Widowed,IT/IS,Peter Monroe,Sr. Network Engineer,0,N/A,55.2,Employee Referral,Active,2019-03-30,,N/A
1006020066,"Bramante, Elisa",1983-03-19,Female,US Citizen,African American,MA,02030,Single,Production,Janet King,Director of Operations,4,Exceeds,60,Other,Active,2013-01-05,,N/A
1501072311,"Albert, Michael",1968-10-10,Male,US Citizen,White,MA,02169,Divorced,Production,Janet King,Production Manager,3,Fully Meets,54.5,Employee Referral,Active,2015-08-01,,N/A
1303054580,"Bozzi, Charles",1970-03-10,Male,US Citizen,Asian,MA,01901,Single,Production,Janet King,Production Manager,3,Fully Meets,50.5,Billboard,Voluntarily Terminated,2017-09-30,2018-08-07,Retire
1110029990,"Butler, Webster  L",1983-08-09,Male,US Citizen,White,MA,02169,Single,Production,Janet King,Production Manager,4,Exceeds,55,Pay Per Click - Google,Active,2020-01-28,,N/A
1409070147,"Dunn, Amy",1973-11-28,Female,US Citizen,White,MA,01731,Single,Production,Janet King,Production Manager,3,Fully Meets,51,Search Engine - Google Bing Yahoo,Active,2018-09-18,,N/A
1307060077,"Gray, Elijiah",1981-07-11,Male,US Citizen,White,MA,01752,Divorced,Production,Janet King,Production Manager,3,Fully Meets,54,Employee Referral,Active,2019-06-02,,N/A
1001944783,"Hogland, Jonathan",1972-07-01,Male,US Citizen,White,MA,01890,Married,Production,Janet King,Production Manager,3,Fully Meets,48.5,Employee Referral,Terminated for Cause,2015-01-10,2019-12-12,Attitude
1403065874,"Immediato, Walter",1976-11-15,Male,US Citizen,Asian,MA,02128,Married,Production,Janet King,Production Manager,2,Needs Improvement,42,Other,Voluntarily Terminated,2015-02-21,2016-09-24,Unhappy
1103024679,"Liebig, Ketsia",1981-10-26,Female,US Citizen,White,MA,02110,Married,Production,Janet King,Production Manager,4,Exceeds,55,Website Banner Ads,Active,2017-09-30,,N/A
1107027351,"Miller, Brannon",1981-08-10,Male,US Citizen,Hispanic,MA,02045,Single,Production,Janet King,Production Manager,3,Fully Meets,53,Internet Search,Active,2016-08-16,,N/A
1402065355,"Peterson, Ebonee",1977-05-09,Female,US Citizen,White,MA,02030,Married,Production,Janet King,Production Manager,3,Fully Meets,38.5,Internet Search,Voluntarily Terminated,2014-10-25,2020-05-18,Another Position / Career Change
1102024149,"Spirea, Kelley",1975-09-30,Female,US Citizen,White,MA,02451,Married,Production,Janet King,Production Manager,3,Fully Meets,52,Vendor Referral,Active,2016-10-02,,N/A
1000974650,"Stanley, David",1975-12-17,Male,US Citizen,White,MA,01803,Divorced,Production,Janet King,Production Manager,2,Needs Improvement,53,Monster.com,Active,2014-07-20,,N/A
1405067298,"Sullivan, Kissy",1978-03-28,Female,US Citizen,African American,MA,01776,Married,Production,Janet King,Production Manager,3,Fully Meets,55,Billboard,Active,2013-01-08,,N/A
1410071026,"Wallace, Courtney  E",1955-11-14,Female,US Citizen,African American,MA,02478,Married,Production,Janet King,Production Manager,3,Fully Meets,33.5,Diversity Job Fair,Voluntarily Terminated,2015-09-26,2016-01-02,Another Position / Career Change
1409070522,"Adinolfi, Wilson  K",1983-07-10,Male,US Citizen,White,MA,01960,Single,Production,Michael Albert,Production Technician I,4,Exceeds,20,MBTA ads,Active,2015-07-05,,N/A
1011022883,"Alagbe,Trina",1988-09-27,Female,US Citizen,White,MA,01886,Married,Production,Elijiah Gray,Production Technician I,3,Fully Meets,21,Billboard,Active,2012-01-07,,N/A
1001417624,"Anderson, Carol",1989-09-08,Female,US Citizen,White,MA,02169,Divorced,Production,Webster Butler,Production Technician I,0,N/A,16,Word of Mouth,Voluntarily Terminated,2015-07-11,2015-09-06,Return to School
1304055947,"Anderson, Linda",1977-05-22,Female,US Citizen,White,MA,01844,Single,Production,Amy Dunn,Production Technician I,5,Exceptional,23,MBTA ads,Active,2016-01-09,,N/A
1301052124,"Athwal, Sam",1983-02-18,Male,US Citizen,White,MA,02199,Widowed,Production,Ketsia Liebig,Production Technician I,0,N/A,22,Employee Referral,Active,2017-09-30,,N/A
1212051409,"Bachiochi, Linda",1970-02-11,Female,US Citizen,Hispanic,MA,01902,Single,Production,Brannon Miller,Production Technician I,3,Fully Meets,22,Diversity Job Fair,Leave of Absence,2013-07-06,,N/A
1307060083,"Baczenski, Rachael",1974-01-12,Female,US Citizen,Hispanic,MA,01902,Married,Production,David Stanley,Production Technician I,0,N/A,17,Diversity Job Fair,Voluntarily Terminated,2015-01-10,2015-01-12,Another Position / Career Change
1312063507,"Barbara, Thomas",1974-02-21,Male,US Citizen,Asian,MA,02062,Married,Production,Kissy Sullivan,Production Technician I,3,Fully Meets,22,Diversity Job Fair,Voluntarily Terminated,2016-04-02,2016-09-19,Unhappy
1101023679,"Barone, Francesco  A",1983-07-20,Male,US Citizen,Hispanic,MA,01810,Single,Production,Kelley Spirea,Production Technician I,3,Fully Meets,16.76,Social Networks - Facebook Twitter etc,Active,2016-02-20,,N/A
1212051962,"Barton, Nader",1977-07-15,Male,US Citizen,White,MA,02747,Divorced,Production,Michael Albert,Production Technician I,3,Fully Meets,18,On-line Web application,Voluntarily Terminated,2016-09-24,2017-04-06,Another Position / Career Change
1403066194,"Beatrice, Courtney",1970-10-27,Female,Eligible NonCitizen,White,MA,01915,Single,Production,Elijiah Gray,Production Technician I,3,Fully Meets,22,Search Engine - Google Bing Yahoo,Active,2015-04-04,,N/A
1110029777,"Becker, Scott",1979-04-06,Male,US Citizen,Asian,MA,02452,Single,Production,Webster Butler,Production Technician I,3,Fully Meets,17,MBTA ads,Leave of Absence,2017-07-08,,N/A
1109029366,"Bernstein, Sean",1970-12-22,Male,US Citizen,White,MA,02072,Single,Production,Amy Dunn,Production Technician I,3,Fully Meets,16,Word of Mouth,Active,2016-04-02,,N/A
1412071844,"Biden, Lowan  M",1958-12-27,Female,US Citizen,Asian,MA,02027,Divorced,Production,Ketsia Liebig,Production Technician I,3,Fully Meets,22,Billboard,Active,2017-08-19,,N/A
1308060366,"Billis, Helen",1989-09-01,Female,US Citizen,White,MA,02031,Married,Production,Brannon Miller,Production Technician I,4,Exceeds,16,Professional Society,Active,2018-07-07,,N/A
1406068293,"Brill, Donna",1990-08-24,Female,US Citizen,White,MA,01701,Married,Production,David Stanley,Production Technician I,3,Fully Meets,20,Search Engine - Google Bing Yahoo,Voluntarily Terminated,2016-04-02,2017-06-15,Another Position / Career Change
1408069635,"Bugali, Josephine",1969-10-30,Female,US Citizen,African American,MA,02043,Separated,Production,Kissy Sullivan,Production Technician I,3,Fully Meets,20,Diversity Job Fair,Leave of Absence,2017-11-11,,N/A
1311063114,"Carey, Michael",1983-02-02,Male,US Citizen,African American,MA,01701,Single,Production,Kelley Spirea,Production Technician I,3,Fully Meets,20,MBTA ads,Active,2018-03-31,,N/A
1208048062,"Chace, Beatrice",1951-01-02,Female,US Citizen,White,MA,02763,Single,Production,Michael Albert,Production Technician I,3,Fully Meets,16,Search Engine - Google Bing Yahoo,Active,2018-09-29,,N/A
1305057282,"Chan, Lin",1979-02-12,Female,US Citizen,White,MA,02170,Single,Production,Elijiah Gray,Production Technician I,3,Fully Meets,19.5,Internet Search,Active,2018-05-12,,N/A
1111030129,"Chang, Donovan  E",1983-08-24,Male,US Citizen,White,MA,01845,Single,Production,Webster Butler,Production Technician I,3,Fully Meets,22,Newspager/Magazine,Active,2017-07-08,,N/A
1101023394,"Chivukula, Enola",1983-08-27,Female,US Citizen,White,MA,01775,Single,Production,Amy Dunn,Production Technician I,3,Fully Meets,21,Other,Voluntarily Terminated,2015-06-27,2019-11-15,Relocation out of Area
1012023295,"Cierpiszewski, Caroline",1988-05-31,Female,Non-Citizen,African American,MA,02044,Single,Production,Ketsia Liebig,Production Technician I,3,Fully Meets,22,Pay Per Click - Google,Active,2015-10-03,,N/A
1407069280,"Clukey, Elijian",1980-08-26,Male,US Citizen,White,MA,02134,Married,Production,Brannon Miller,Production Technician I,4,Exceeds,24.75,Employee Referral,Active,2020-07-06,,N/A
1599991009,"Cockel, James",1977-09-08,Male,US Citizen,White,MA,02452,Single,Production,David Stanley,Production Technician I,3,Fully Meets,15,Employee Referral,Active,2017-07-08,,N/A
1001450968,"Cole, Spencer",1979-08-12,Male,US Citizen,African American,MA,01880,Single,Production,Kissy Sullivan,Production Technician I,2,Needs Improvement,15,MBTA ads,Terminated for Cause,2015-07-11,2016-09-23,Performance
1403066069,"Cornett, Lisa",1977-03-31,Female,US Citizen,White,MA,02189,Married,Production,Kelley Spirea,Production Technician I,3,Fully Meets,15.75,Billboard,Active,2019-01-05,,N/A
1311063172,"Crimmings,   Jean",1987-04-10,Female,US Citizen,White,MA,01821,Single,Production,Michael Albert,Production Technician I,0,N/A,19.75,Newspager/Magazine,Active,2020-07-06,,N/A
1001109612,"Darson, Jene'ya",1978-11-05,Female,US Citizen,White,MA,02110,Married,Production,Elijiah Gray,Production Technician I,3,Fully Meets,15,Billboard,Active,2016-07-02,,N/A
1306058816,"DeGweck,  James",1977-10-31,Male,US Citizen,White,MA,01810,Married,Production,Webster Butler,Production Technician I,3,Fully Meets,23.5,Billboard,Voluntarily Terminated,2015-05-16,2019-06-08,Unhappy
1501072124,"Desimone, Carl",1967-04-19,Male,US Citizen,White,MA,02061,Married,Production,Amy Dunn,Production Technician I,1,Performance Improvement Plan,20,Professional Society,Active,2018-07-07,,N/A
0706006285,"Dickinson, Geoff",1982-11-15,Male,US Citizen,White,MA,02180,Single,Production,Ketsia Liebig,Production Technician I,3,Fully Meets,21,Pay Per Click - Google,Active,2018-05-12,,N/A
1209048696,"DiNocco, Lily",1978-12-02,Female,US Citizen,African American,MA,02351,Married,Production,Brannon Miller,Production Technician I,2,Needs Improvement,22,Pay Per Click - Google,Active,2017-01-07,,N/A
1202031618,"Dobrin, Denisa  S",1986-10-07,Female,US Citizen,White,MA,02125,Single,Production,David Stanley,Production Technician I,3,Fully Meets,16.75,Monster.com,Active,2016-04-02,,N/A
1406067865,"Eaton, Marianne",1991-09-05,Female,US Citizen,White,MA,02343,Married,Production,Kissy Sullivan,Production Technician I,3,Fully Meets,17,Search Engine - Google Bing Yahoo,Voluntarily Terminated,2015-04-04,2017-06-06,Military
1007020403,"Engdahl, Jean",1974-05-31,Male,US Citizen,White,MA,02026,Single,Production,Kelley Spirea,Production Technician I,3,Fully Meets,21.25,MBTA ads,Active,2018-11-10,,N/A
1101023612,"England, Rex",1978-08-25,Male,US Citizen,White,MA,02045,Married,Production,Kelley Spirea,Production Technician I,3,Fully Meets,21,Employee Referral,Active,2018-03-31,,N/A
1104025243,"Estremera, Miguel",1983-09-02,Male,US Citizen,White,MA,02129,Single,Production,Michael Albert,Production Technician I,2,Needs Improvement,17,Word of Mouth,Terminated for Cause,2016-04-02,2018-09-27,Attitude
1107027392,"Evensen, April",1989-05-06,Female,US Citizen,White,MA,02458,Single,Production,Elijiah Gray,Production Technician I,0,N/A,18,Word of Mouth,Terminated for Cause,2018-02-17,2018-02-25,Gross Misconduct
1502072511,"Ferguson, Susan",1955-04-14,Female,US Citizen,White,MA,02176,Married,Production,Webster Butler,Production Technician I,3,Fully Meets,20,Search Engine - Google Bing Yahoo,Voluntarily Terminated,2015-11-07,2018-05-17,Military
1302053339,"Fernandes, Nilson",1989-10-18,Male,US Citizen,White,MA,02132,Married,Production,Amy Dunn,Production Technician I,0,N/A,18,Professional Society,Active,2019-05-11,,N/A
0803009012,"Ferreira, Violeta",1986-06-10,Female,US Citizen,White,MA,02176,Single,Production,Ketsia Liebig,Production Technician I,3,Fully Meets,23,Newspager/Magazine,Active,2016-02-20,,N/A
1006020020,"Fidelia,  Libby",1981-03-16,Female,US Citizen,White,MA,02155,Married,Production,Brannon Miller,Production Technician I,3,Fully Meets,24,Social Networks - Facebook Twitter etc,Active,2016-01-09,,N/A
1309061015,"Garcia, Raul",1985-09-15,Male,US Citizen,White,MA,01905,Single,Production,David Stanley,Production Technician I,0,N/A,19,Employee Referral,Active,2019-03-30,,N/A
1104025414,"Garneau, Hamish",1980-04-18,Male,US Citizen,Asian,MA,01550,Single,Production,Kissy Sullivan,Production Technician I,3,Fully Meets,18,Professional Society,Active,2017-07-08,,N/A
1105026041,"Gaul, Barbara",1983-12-02,Female,US Citizen,African American,MA,02121,Single,Production,Kelley Spirea,Production Technician I,3,Fully Meets,24,MBTA ads,Active,2015-05-16,,N/A
1501072192,"Gentry, Mildred",1990-10-01,Female,US Citizen,African American,MA,02145,Married,Production,Michael Albert,Production Technician I,0,N/A,19,Professional Society,Active,2019-03-30,,N/A
1308060622,"Gerke, Melisa",1970-05-15,Female,US Citizen,White,MA,02330,Divorced,Production,Elijiah Gray,Production Technician I,0,N/A,22,Diversity Job Fair,Voluntarily Terminated,2015-11-07,2015-11-15,Working Hours
1008020960,"Gilles, Alex",1974-08-09,Male,US Citizen,African American,MA,02062,Married,Production,Webster Butler,Production Technician I,2,Needs Improvement,15,Diversity Job Fair,Voluntarily Terminated,2016-04-02,2019-06-25,Military
1204032927,"Girifalco, Evelyn",1980-05-08,Female,US Citizen,Hispanic,MA,02451,Single,Production,Amy Dunn,Production Technician I,4,Exceeds,16,Professional Society,Active,2018-09-29,,N/A
1408069539,"Gold, Shenice",1992-06-18,Female,US Citizen,White,MA,02451,Single,Production,Ketsia Liebig,Production Technician I,3,Fully Meets,17,Glassdoor,Active,2017-11-11,,N/A
1411071212,"Gonzalez, Cayo",1969-09-29,Male,US Citizen,Hispanic,MA,02108,Divorced,Production,Brannon Miller,Production Technician I,4,Exceeds,16,Diversity Job Fair,Active,2015-07-11,,N/A
1106026579,"Gordon, David",1979-05-21,Male,US Citizen,White,MA,02169,Married,Production,David Stanley,Production Technician I,3,Fully Meets,15,MBTA ads,Active,2016-07-02,,N/A
1312063675,"Goyal, Roxana",1974-10-09,Female,US Citizen,Asian,MA,01864,Married,Production,Kissy Sullivan,Production Technician I,3,Fully Meets,24,On-campus Recruiting,Leave of Absence,2017-08-19,,N/A
1103024859,"Gross, Paula",1983-05-21,Female,US Citizen,White,MA,02176,Divorced,Production,Kelley Spirea,Production Technician I,3,Fully Meets,14,Monster.com,Voluntarily Terminated,2015-02-21,2018-01-11,More Money
1405067064,"Handschiegl, Joanne",1977-03-23,Female,US Citizen,White,MA,02127,Married,Production,Michael Albert,Production Technician I,3,Fully Meets,24,Word of Mouth,Active,2015-11-28,,N/A
1406068241,"Harrell, Ludwick",1982-09-02,Male,US Citizen,Asian,MA,01776,Married,Production,Elijiah Gray,Production Technician I,3,Fully Meets,21,Search Engine - Google Bing Yahoo,Active,2016-05-14,,N/A
1110029602,"Harrington, Christie",1952-08-18,Female,US Citizen,White,MA,02324,Single,Production,Webster Butler,Production Technician I,3,Fully Meets,19.75,Monster.com,Voluntarily Terminated,2016-01-09,2019-12-15,Retire
1404066622,"Harrison, Kara",1974-05-02,Female,US Citizen,White,MA,01886,Married,Production,Amy Dunn,Production Technician I,4,Exceeds,20,Monster.com,Active,2018-05-12,,N/A
1002017900,"Heitzman, Anthony",1984-01-04,Male,US Citizen,White,MA,02149,Single,Production,Ketsia Liebig,Production Technician I,3,Fully Meets,19,Social Networks - Facebook Twitter etc,Active,2016-08-13,,N/A
1408069882,"Ivey, Rose",1991-01-28,Female,US Citizen,White,MA,01775,Single,Production,Brannon Miller,Production Technician I,3,Fully Meets,16,Professional Society,Active,2017-08-19,,N/A
1201031438,"Jackson, Maryellen",1972-09-11,Female,US Citizen,White,MA,02081,Single,Production,David Stanley,Production Technician I,3,Fully Meets,20,Newspager/Magazine,Active,2016-11-05,,N/A
1503072857,"Jacobi, Hannah",1966-03-22,Female,US Citizen,White,MA,01778,Divorced,Production,Kissy Sullivan,Production Technician I,3,Fully Meets,21,Employee Referral,Active,2017-09-30,,N/A
1412071713,"Jhaveri, Sneha",1964-04-13,Female,US Citizen,White,MA,02109,Separated,Production,Kelley Spirea,Production Technician I,3,Fully Meets,19,On-campus Recruiting,Active,2018-01-06,,N/A
1105025721,"Johnson, George",1959-08-19,Male,US Citizen,White,MA,02445,Married,Production,Michael Albert,Production Technician I,4,Exceeds,17,Monster.com,Voluntarily Terminated,2015-11-07,2020-04-29,More Money
1107027450,"Jung, Judy",1986-04-17,Female,US Citizen,White,MA,02446,Married,Production,Elijiah Gray,Production Technician I,3,Fully Meets,21,Monster.com,Voluntarily Terminated,2015-01-10,2020-04-01,Unhappy
1301052462,"Keatts, Kramer",1976-01-19,Male,US Citizen,White,MA,01887,Single,Production,Michael Albert,Production Technician I,3,Fully Meets,19,Billboard,Active,2017-09-30,,N/A
0710007401,"Kinsella, Kathleen",1973-12-08,Female,US Citizen,White,MA,02170,Married,Production,Webster Butler,Production Technician I,3,Fully Meets,22,Search Engine - Google Bing Yahoo,Voluntarily Terminated,2015-09-26,2019-06-04,More Money
0903013071,"Kirill, Alexandra",1970-10-08,Female,US Citizen,White,MA,02127,Married,Production,Amy Dunn,Production Technician I,3,Fully Meets,24,Search Engine - Google Bing Yahoo,Voluntarily Terminated,2015-09-26,2016-01-09,More Money
1304055683,"Knapp, Bradley  J",1977-11-10,Male,US Citizen,African American,MA,01721,Single,Production,Ketsia Liebig,Production Technician I,3,Fully Meets,14,On-campus Recruiting,Active,2018-02-17,,N/A
1311062610,"Kretschmer, John",1980-02-02,Male,US Citizen,Asian,MA,01801,Married,Production,Brannon Miller,Production Technician I,3,Fully Meets,21,Pay Per Click - Google,Active,2015-01-10,,N/A
1304055987,"Langton, Enrico",1986-12-09,Male,US Citizen,White,MA,02048,Married,Production,David Stanley,Production Technician I,3,Fully Meets,17,Newspager/Magazine,Active,2016-07-09,,N/A
1408069409,"Leach, Dallas",1979-01-17,Female,US Citizen,Asian,MA,01810,Single,Production,Kissy Sullivan,Production Technician I,3,Fully Meets,19,Monster.com,Voluntarily Terminated,2015-09-26,2017-08-19,Return to School
1107027575,"LeBel, Jonathan  R",1981-10-18,Male,US Citizen,White,MA,02050,Single,Production,Kelley Spirea,Production Technician I,3,Fully Meets,15,Social Networks - Facebook Twitter etc,Terminated for Cause,2015-02-21,2015-08-04,Attitude
1206042315,"Linares, Marilyn",1981-03-26,Female,US Citizen,White,MA,01886,Married,Production,Michael Albert,Production Technician I,0,N/A,15.25,Internet Search,Voluntarily Terminated,2015-07-05,2015-09-26,Unhappy
1101023353,"Lydon, Allison",1975-10-22,Female,US Citizen,African American,MA,02122,Married,Production,Elijiah Gray,Production Technician I,3,Fully Meets,20,Website Banner Ads,Leave of Absence,2019-02-16,,N/A
1001138521,"Lynch, Lindsay",1973-02-14,Female,US Citizen,Hispanic,MA,01844,Single,Production,Webster Butler,Production Technician I,4,Exceeds,19,Diversity Job Fair,Voluntarily Terminated,2015-11-07,2019-11-14,Another Position / Career Change
1201031032,"MacLennan, Samuel",1972-11-09,Male,US Citizen,White,MA,01938,Widowed,Production,Amy Dunn,Production Technician I,0,N/A,15,Pay Per Click,Voluntarily Terminated,2016-09-24,2016-09-26,Working Hours
1209049259,"Mahoney, Lauren",1986-07-07,Female,US Citizen,White,MA,02189,Single,Production,Ketsia Liebig,Production Technician I,3,Fully Meets,17,Newspager/Magazine,Active,2018-01-06,,N/A
1308060754,"Mangal, Debbie",1974-11-07,Female,US Citizen,White,MA,02451,Married,Production,Brannon Miller,Production Technician I,3,Fully Meets,23,On-campus Recruiting,Active,2017-11-11,,N/A
1401064327,"Maurice, Shana",1977-11-22,Female,US Citizen,White,MA,02330,Married,Production,David Stanley,Production Technician I,3,Fully Meets,20,Other,Active,2015-05-31,,N/A
0909015167,"Mckenna, Sandy",1987-01-07,Female,US Citizen,African American,MA,02184,Married,Production,Kissy Sullivan,Production Technician I,3,Fully Meets,24,Monster.com,Active,2017-01-07,,N/A
1409070245,"Meads, Elizabeth",1968-05-30,Female,US Citizen,African American,MA,01760,Single,Production,Kelley Spirea,Production Technician I,3,Fully Meets,14,Diversity Job Fair,Voluntarily Terminated,2016-04-02,2019-11-11,Another Position / Career Change
1109029256,"Medeiros, Jennifer",1976-09-22,Female,US Citizen,White,MA,02346,Single,Production,Michael Albert,Production Technician I,0,N/A,20,Monster.com,Active,2019-03-30,,N/A
1102024121,"Motlagh,  Dawn",1984-07-07,Female,US Citizen,White,MA,02453,Divorced,Production,Elijiah Gray,Production Technician I,3,Fully Meets,15,MBTA ads,Active,2017-04-01,,N/A
1204033041,"Ndzi, Colombui",1989-05-02,Male,US Citizen,African American,MA,02110,Single,Production,Webster Butler,Production Technician I,3,Fully Meets,18,Diversity Job Fair,Voluntarily Terminated,2015-09-26,2018-04-04,Return to School
1204927150,"Ndzi, Horia",1983-03-28,Male,US Citizen,White,MA,02421,Married,Production,Amy Dunn,Production Technician I,3,Fully Meets,22,Employee Referral,Voluntarily Terminated,2017-04-01,2020-05-25,More Money
1302053044,"Newman, Richard",1977-04-08,Male,US Citizen,White,MA,02136,Married,Production,Ketsia Liebig,Production Technician I,3,Fully Meets,21,On-campus Recruiting,Leave of Absence,2018-05-12,,N/A
1403066020,"Ngodup, Shari",1967-06-03,Female,US Citizen,Asian,MA,01810,Separated,Production,Brannon Miller,Production Technician I,4,Exceeds,15,Diversity Job Fair,Active,2017-04-01,,N/A
1203032357,"Nguyen, Lei-Ming",1984-07-07,Female,US Citizen,White,MA,02132,Single,Production,David Stanley,Production Technician I,3,Fully Meets,19,Vendor Referral,Active,2017-07-08,,N/A
1206044851,"O'hare, Lynn",1980-09-30,Female,US Citizen,Hispanic,MA,02152,Single,Production,Kissy Sullivan,Production Technician I,1,Performance Improvement Plan,18.5,Professional Society,Terminated for Cause,2018-03-31,2020-05-01,Performance
1404066949,"Osturnka, Adeel",1976-12-11,Male,US Citizen,White,MA,02478,Married,Production,Kelley Spirea,Production Technician I,4,Exceeds,16,On-campus Recruiting,Active,2017-09-30,,N/A
1103024335,"Owad, Clinton",1979-11-24,Male,US Citizen,African American,MA,01760,Single,Production,Michael Albert,Production Technician I,2,Needs Improvement,22,MBTA ads,Active,2018-02-17,,N/A
1109029531,"Panjwani, Nina",1979-05-01,Female,US Citizen,White,MA,02351,Married,Production,Elijiah Gray,Production Technician I,3,Fully Meets,18,Social Networks - Facebook Twitter etc,Voluntarily Terminated,2015-02-07,2018-01-12,Another Position / Career Change
1307060058,"Pelech, Emil",1988-03-17,Male,US Citizen,African American,MA,02458,Single,Production,Webster Butler,Production Technician I,2,Needs Improvement,24,Search Engine - Google Bing Yahoo,Voluntarily Terminated,2015-01-10,2016-12-28,Another Position / Career Change
1109029186,"Perry, Shakira",1986-07-20,Female,US Citizen,White,MA,02176,Single,Production,Amy Dunn,Production Technician I,3,Fully Meets,22,MBTA ads,Voluntarily Terminated,2015-05-16,2019-10-25,Medical Issues
1307059944,"Peterson, Kayla",1973-09-23,Female,US Citizen,White,MA,01749,Married,Production,Ketsia Liebig,Production Technician I,3,Fully Meets,17,Search Engine - Google Bing Yahoo,Active,2014-04-26,,N/A
1305057440,"Pham, Hong",1988-03-06,Male,US Citizen,White,MA,02451,Married,Production,Brannon Miller,Production Technician I,3,Fully Meets,18,Search Engine - Google Bing Yahoo,Voluntarily Terminated,2015-07-05,2016-11-30,More Money
1001735072,"Pitt, Brad",1981-11-23,Male,US Citizen,African American,MA,02451,Single,Production,David Stanley,Production Technician I,3,Fully Meets,17,Search Engine - Google Bing Yahoo,Active,2011-11-05,,N/A
1102024274,"Power, Morissa",1984-10-15,Female,Eligible NonCitizen,Asian,MA,01742,Divorced,Production,Kissy Sullivan,Production Technician I,0,N/A,19,Social Networks - Facebook Twitter etc,Voluntarily Terminated,2015-05-16,2015-06-04,Another Position / Career Change
1401064562,"Punjabhi, Louis",1961-06-19,Male,US Citizen,White,MA,02109,Single,Production,Kelley Spirea,Production Technician I,3,Fully Meets,16,Employee Referral,Active,2018-01-06,,N/A
1011022926,"Purinton, Janine",1970-09-22,Female,US Citizen,White,MA,02474,Divorced,Production,Kissy Sullivan,Production Technician I,3,Fully Meets,16,Billboard,Voluntarily Terminated,2016-09-24,2017-06-18,Unhappy
1208048229,"Rarrick, Quinn",1984-12-31,Male,US Citizen,White,MA,02478,Divorced,Production,Michael Albert,Production Technician I,3,Fully Meets,21,Pay Per Click - Google,Voluntarily Terminated,2015-09-26,2016-04-07,More Money
1211050793,"Rhoads, Thomas",1982-07-22,Male,US Citizen,White,MA,02176,Divorced,Production,Elijiah Gray,Production Technician I,3,Fully Meets,20,Professional Society,Voluntarily Terminated,2015-05-16,2020-01-15,Retire
1405067642,"Rivera, Haley",1973-01-12,Female,US Citizen,Asian,MA,02171,Married,Production,Webster Butler,Production Technician I,4,Exceeds,22,Search Engine - Google Bing Yahoo,Active,2015-11-28,,N/A
1206038000,"Robinson, Alain",1974-01-07,Male,US Citizen,African American,MA,01420,Married,Production,Amy Dunn,Production Technician I,3,Fully Meets,24,Glassdoor,Voluntarily Terminated,2015-01-10,2020-01-26,Attitude
1403065625,"Robinson, Cherly",1985-01-07,Female,US Citizen,White,MA,01460,Married,Production,Ketsia Liebig,Production Technician I,2,Needs Improvement,16,Glassdoor,Terminated for Cause,2015-01-10,2020-05-17,Attitude
1011022887,"Robinson, Elias",1985-01-28,Male,US Citizen,White,MA,01730,Widowed,Production,Brannon Miller,Production Technician I,5,Exceptional,17,Employee Referral,Active,2017-07-08,,N/A
0710007555,"Rose, Ashley",1974-12-05,Female,US Citizen,White,MA,01886,Separated,Production,David Stanley,Production Technician I,3,Fully Meets,17,Website Banner Ads,Active,2018-01-06,,N/A
1405067492,"Rossetti, Bruno",1987-03-18,Male,US Citizen,White,MA,02155,Single,Production,Kissy Sullivan,Production Technician I,3,Fully Meets,18,Search Engine - Google Bing Yahoo,Voluntarily Terminated,2015-04-04,2016-08-13,Another Position / Career Change
1410070998,"Saar-Beckles, Melinda",1968-06-06,Female,US Citizen,African American,MA,01801,Single,Production,Kelley Spirea,Production Technician I,0,N/A,20,Diversity Job Fair,Active,2020-07-04,,N/A
1308060535,"Sadki, Nore",1974-12-21,Male,US Citizen,White,MA,02148,Single,Production,Michael Albert,Production Technician I,3,Fully Meets,21,Word of Mouth,Voluntarily Terminated,2013-01-05,2014-07-30,Relocation out of Area
1302053362,"Sander, Kamrin",1988-07-10,Female,US Citizen,African American,MA,02154,Married,Production,Elijiah Gray,Production Technician I,3,Fully Meets,21,On-campus Recruiting,Active,2018-09-29,,N/A
0807010161,"Sewkumar, Nori",1975-03-10,Female,US Citizen,Asian,MA,02191,Single,Production,Webster Butler,Production Technician I,3,Fully Meets,15.2,Search Engine - Google Bing Yahoo,Leave of Absence,2017-09-30,,N/A
1205033102,"Shields, Seffi",1985-08-24,Female,US Citizen,White,MA,02149,Married,Production,Amy Dunn,Production Technician I,3,Fully Meets,15,Newspager/Magazine,Active,2017-08-19,,N/A
1501071909,"Smith, Sade",1965-02-02,Female,US Citizen,White,MA,02130,Single,Production,Ketsia Liebig,Production Technician I,3,Fully Meets,24.5,Employee Referral,Active,2017-11-11,,N/A
1410071137,"Sparks, Taylor",1968-07-20,Female,US Citizen,White,MA,02093,Married,Production,Brannon Miller,Production Technician I,1,Performance Improvement Plan,16,Billboard,Active,2016-02-20,,N/A
1405067138,"Squatrito, Kristen",1973-03-26,Female,US Citizen,White,MA,02359,Divorced,Production,David Stanley,Production Technician I,4,Exceeds,21,MBTA ads,Voluntarily Terminated,2017-05-13,2019-06-29,Unhappy
1111030244,"Stanford,Barbara  M",1982-08-25,Female,US Citizen,Hispanic,MA,02050,Divorced,Production,Kissy Sullivan,Production Technician I,3,Fully Meets,14,Word of Mouth,Active,2015-01-10,,N/A
1106026896,"Stoica, Rick",1985-03-14,Male,US Citizen,Asian,MA,02301,Married,Production,Kelley Spirea,Production Technician I,3,Fully Meets,22,On-campus Recruiting,Active,2018-02-17,,N/A
1201031310,"Sullivan, Timothy",1982-10-07,Male,US Citizen,White,MA,02747,Married,Production,Michael Albert,Production Technician I,3,Fully Meets,19,Word of Mouth,Active,2019-01-05,,N/A
1407069061,"Sutwell, Barbara",1968-08-15,Female,Eligible NonCitizen,Asian,MA,02718,Single,Production,Elijiah Gray,Production Technician I,3,Fully Meets,14,Glassdoor,Active,2016-05-14,,N/A
1405067501,"Tavares, Desiree",1975-04-03,Female,Non-Citizen,Hispanic,MA,01801,Married,Production,Webster Butler,Production Technician I,3,Fully Meets,15,Diversity Job Fair,Voluntarily Terminated,2013-04-27,2017-04-01,Another Position / Career Change
1404066739,"Theamstern, Sophia",1965-05-09,Female,US Citizen,White,MA,02066,Single,Production,Amy Dunn,Production Technician I,0,N/A,20,Billboard,Voluntarily Terminated,2015-07-05,2015-09-05,Return to School
1103024504,"Tinto, Theresa",1983-07-30,Female,US Citizen,White,MA,01876,Divorced,Production,Ketsia Liebig,Production Technician I,3,Fully Meets,20,Social Networks - Facebook Twitter etc,Voluntarily Terminated,2015-01-10,2015-05-14,Another Position / Career Change
1409070255,"Tippett, Jeanette",1967-06-05,Female,US Citizen,African American,MA,02093,Divorced,Production,Brannon Miller,Production Technician I,3,Fully Meets,24,Billboard,Active,2017-02-18,,N/A
1012023152,"Trang, Mei",1983-05-16,Female,US Citizen,White,MA,02021,Single,Production,David Stanley,Production Technician I,0,N/A,22,Professional Society,Active,2018-02-17,,N/A
1203032235,"Veera, Abdellah",1987-01-31,Male,US Citizen,White,MA,02171,Divorced,Production,Kissy Sullivan,Production Technician I,4,Exceeds,19,Information Session,Voluntarily Terminated,2016-08-13,2020-02-05,No Return after Maternity Leave
1011022814,"Volk, Colleen",1986-06-03,Female,US Citizen,White,MA,02747,Married,Production,Kelley Spirea,Production Technician I,4,Exceeds,21,Social Networks - Facebook Twitter etc,Terminated for Cause,2015-09-26,2020-02-08,Gross Misconduct
1106026474,"Von Massenbach, Anna",1985-04-06,Female,US Citizen,White,MA,02124,Single,Production,Michael Albert,Production Technician I,0,N/A,20,Newspager/Magazine,Active,2019-07-05,,N/A
1101023619,"Wallace, Theresa",1980-08-02,Female,US Citizen,White,MA,01887,Single,Production,Elijiah Gray,Production Technician I,2,Needs Improvement,15,Monster.com,Voluntarily Terminated,2016-08-13,2019-09-01,Another Position / Career Change
1307060212,"Whittier, Scott",1987-05-24,Male,US Citizen,White,MA,02030,Single,Production,Webster Butler,Production Technician I,3,Fully Meets,23,Newspager/Magazine,Voluntarily Terminated,2015-01-10,2015-05-15,Working Hours
1101023839,"Wilber, Barry",1965-09-09,Male,Eligible NonCitizen,White,MA,02324,Married,Production,Amy Dunn,Production Technician I,3,Fully Meets,21,Website Banner Ads,Voluntarily Terminated,2015-05-16,2019-09-07,Unhappy
1308060671,"Williams, Jacquelyn",1969-10-02,Female,US Citizen,Hispanic,MA,02109,Single,Production,Ketsia Liebig,Production Technician I,3,Fully Meets,16,Diversity Job Fair,Voluntarily Terminated,2016-01-09,2019-06-27,Relocation out of Area
1001268402,"Ybarra, Catherine",1982-05-04,Female,US Citizen,Asian,MA,02458,Single,Production,Brannon Miller,Production Technician I,1,Performance Improvement Plan,22,Search Engine - Google Bing Yahoo,Voluntarily Terminated,2012-09-02,2019-09-29,Another Position / Career Change
1211051232,"Zima, Colleen",1978-08-17,Female,US Citizen,Asian,MA,01730,Widowed,Production,David Stanley,Production Technician I,3,Fully Meets,15,On-campus Recruiting,Active,2018-09-29,,N/A
1005019209,"Akinkuolie, Sarah",1988-09-19,Female,US Citizen,White,MA,01810,Married,Production,Kissy Sullivan,Production Technician II,3,Fully Meets,29,Newspager/Magazine,Voluntarily Terminated,2015-07-05,2016-09-24,Working Hours
1303054329,"Beak, Kimberly",1966-04-17,Female,US Citizen,White,MA,02145,Married,Production,Kelley Spirea,Production Technician II,4,Exceeds,27,Employee Referral,Active,2020-07-21,,N/A
1403066125,"Blount, Dianna",1990-09-21,Female,US Citizen,White,MA,02171,Single,Production,Michael Albert,Production Technician II,2,Needs Improvement,27,Monster.com,Active,2015-04-04,,N/A
1008021030,"Bondwell, Betsy",1967-01-16,Female,US Citizen,White,MA,02210,Single,Production,Elijiah Gray,Production Technician II,3,Fully Meets,26,Search Engine - Google Bing Yahoo,Voluntarily Terminated,2015-01-10,2018-04-04,Another Position / Career Change
1101023457,"Buccheri, Joseph",1983-07-28,Male,US Citizen,White,MA,01013,Single,Production,Webster Butler,Production Technician II,3,Fully Meets,22,Word of Mouth,Active,2018-09-29,,N/A
1011022820,"Burke, Joelle",1980-03-02,Female,US Citizen,African American,MA,02148,Single,Production,Amy Dunn,Production Technician II,3,Fully Meets,25,Employee Referral,Active,2016-03-05,,N/A
1301052449,"Burkett, Benjamin",1977-08-19,Male,US Citizen,White,MA,01890,Married,Production,Ketsia Liebig,Production Technician II,3,Fully Meets,26,Careerbuilder,Active,2015-04-04,,N/A
1012023226,"Cloninger, Jennifer",1981-08-31,Female,US Citizen,White,MA,01752,Married,Production,Brannon Miller,Production Technician II,3,Fully Meets,25,Word of Mouth,Voluntarily Terminated,2015-05-16,2017-01-07,Unhappy
1209048697,"Close, Phil",1978-11-25,Male,US Citizen,White,MA,02169,Married,Production,David Stanley,Production Technician II,3,Fully Meets,26,Other,Voluntarily Terminated,2014-08-30,2015-09-26,Another Position / Career Change
1201031274,"Davis, Daniel",1979-09-14,Male,Eligible NonCitizen,Hispanic,MA,02458,Single,Production,Kissy Sullivan,Production Technician II,3,Fully Meets,25,Newspager/Magazine,Active,2015-11-07,,N/A
1104025179,"Demita, Carla",1951-02-25,Female,US Citizen,African American,MA,02343,Separated,Production,Kelley Spirea,Production Technician II,3,Fully Meets,29,Search Engine - Google Bing Yahoo,Voluntarily Terminated,2015-04-04,2019-11-04,More Money
1105025661,"Erilus, Angela",1989-08-25,Female,US Citizen,White,MA,02133,Separated,Production,Michael Albert,Production Technician II,1,Performance Improvement Plan,24,Pay Per Click - Google,Active,2018-07-07,,N/A
1108028428,"Faller, Megan",1978-09-22,Female,US Citizen,African American,MA,01824,Married,Production,Elijiah Gray,Production Technician II,3,Fully Meets,27,Professional Society,Active,2018-07-07,,N/A
1402065085,"Fancett, Nicole",1987-09-27,Female,US Citizen,African American,MA,02324,Single,Production,Webster Butler,Production Technician II,3,Fully Meets,24,Newspager/Magazine,Active,2018-02-17,,N/A
1109029103,"Fitzpatrick, Michael  J",1981-10-01,Male,US Citizen,White,MA,02143,Single,Production,Amy Dunn,Production Technician II,3,Fully Meets,29,Social Networks - Facebook Twitter etc,Voluntarily Terminated,2015-05-16,2017-06-24,Working Hours
1012023204,"Foreman, Tanya",1983-11-08,Female,US Citizen,White,MA,02170,Married,Production,Ketsia Liebig,Production Technician II,3,Fully Meets,24,Word of Mouth,Voluntarily Terminated,2015-04-04,2016-01-09,Another Position / Career Change
1411071324,"Gonzalez, Juan",1964-10-12,Male,US Citizen,African American,MA,02128,Married,Production,Brannon Miller,Production Technician II,1,Performance Improvement Plan,29,Diversity Job Fair,Voluntarily Terminated,2014-04-26,2015-05-30,Another Position / Career Change
1001549006,"Good, Susan",1986-05-25,Female,US Citizen,White,MA,01886,Married,Production,David Stanley,Production Technician II,3,Fully Meets,24.25,Professional Society,Leave of Absence,2018-05-12,,N/A
1108028351,"Gosciminski, Phylicia",1983-12-08,Female,US Citizen,Hispanic,MA,01824,Separated,Production,Kissy Sullivan,Production Technician II,3,Fully Meets,27,Word of Mouth,Leave of Absence,2017-09-30,,N/A
1307059937,"Hankard, Earnest",1988-08-10,Male,US Citizen,White,MA,02155,Single,Production,Kelley Spirea,Production Technician II,3,Fully Meets,24,Newspager/Magazine,Active,2017-11-11,,N/A
1011022932,"Hendrickson, Trina",1972-08-27,Female,US Citizen,White,MA,02021,Single,Production,Kelley Spirea,Production Technician II,3,Fully Meets,24,Monster.com,Voluntarily Terminated,2015-01-10,2017-02-18,Working Hours
1207046956,"Homberger, Adrienne  J",1984-02-16,Female,Non-Citizen,White,MA,02445,Married,Production,Michael Albert,Production Technician II,3,Fully Meets,28,Glassdoor,Voluntarily Terminated,2015-08-15,2016-04-07,Relocation out of Area
1106026433,"Hunts, Julissa",1984-03-11,Female,US Citizen,White,MA,02021,Single,Production,Elijiah Gray,Production Technician II,0,N/A,25,Vendor Referral,Active,2020-06-06,,N/A
1103024924,"Hutter, Rosalie",1992-05-07,Female,US Citizen,White,MA,02351,Separated,Production,Webster Butler,Production Technician II,0,N/A,28,Other,Active,2019-06-05,,N/A
1306058509,"Huynh, Ming",1976-09-22,Female,US Citizen,White,MA,01742,Divorced,Production,Amy Dunn,Production Technician II,3,Fully Meets,23,Search Engine - Google Bing Yahoo,Voluntarily Terminated,2015-02-21,2017-04-01,Unhappy
1008020942,"Jeannite, Tayana",1986-11-06,Female,US Citizen,Hispanic,MA,01821,Divorced,Production,Ketsia Liebig,Production Technician II,4,Exceeds,22.5,MBTA ads,Active,2015-07-05,,N/A
1306057810,"Johnston, Yen",1969-09-08,Female,US Citizen,White,MA,02128,Single,Production,Brannon Miller,Production Technician II,5,Exceptional,25,Professional Society,Active,2018-07-07,,N/A
1010022030,"Langford, Lindsey",1979-07-25,Female,US Citizen,Asian,MA,02090,Divorced,Production,David Stanley,Production Technician II,3,Fully Meets,22,Glassdoor,Voluntarily Terminated,2017-01-07,2018-03-31,Another Position / Career Change
1104025486,"Latif, Mohammed",1984-05-09,Male,US Citizen,White,MA,02126,Married,Production,Kissy Sullivan,Production Technician II,3,Fully Meets,28,Word of Mouth,Voluntarily Terminated,2016-04-02,2017-04-15,More Money
1405067565,"Linden, Mathew",1979-03-19,Male,US Citizen,White,MA,01770,Married,Production,Kelley Spirea,Production Technician II,3,Fully Meets,22,Information Session,Leave of Absence,2017-07-08,,N/A
1305056276,"Lundy, Susan",1976-12-26,Female,US Citizen,White,MA,02122,Widowed,Production,Michael Albert,Production Technician II,0,N/A,24,On-campus Recruiting,Voluntarily Terminated,2017-07-08,2017-09-15,More Money
1001504432,"Lunquist, Lisa",1982-03-28,Female,US Citizen,African American,MA,02324,Single,Production,Elijiah Gray,Production Technician II,4,Exceeds,26.1,Glassdoor,Active,2017-08-19,,N/A
1110029623,"Manchester, Robyn",1976-08-25,Female,US Citizen,White,MA,02324,Married,Production,Webster Butler,Production Technician II,0,N/A,23,Vendor Referral,Active,2020-05-11,,N/A
1304055986,"Mancuso, Karen",1986-12-10,Female,US Citizen,Hispanic,MA,02176,Married,Production,Amy Dunn,Production Technician II,0,N/A,23,Newspager/Magazine,Voluntarily Terminated,2015-07-05,2015-08-19,Another Position / Career Change
1406067957,"McCarthy, Brigit",1987-05-21,Female,US Citizen,White,MA,02149,Single,Production,Ketsia Liebig,Production Technician II,0,N/A,26,Newspager/Magazine,Active,2019-03-30,,N/A
1205033439,"Miller, Ned",1985-06-29,Male,US Citizen,White,MA,02472,Single,Production,Brannon Miller,Production Technician II,1,Performance Improvement Plan,25,MBTA ads,Voluntarily Terminated,2015-08-15,2018-09-04,Unhappy
1404066711,"Monkfish, Erasumus",1992-08-17,Male,US Citizen,White,MA,01450,Married,Production,David Stanley,Production Technician II,3,Fully Meets,27,Professional Society,Active,2015-11-07,,N/A
1001103149,"Monterro, Luisa",1970-04-24,Female,US Citizen,African American,MA,02126,Single,Production,Kissy Sullivan,Production Technician II,5,Exceptional,25,Billboard,Active,2017-05-13,,N/A
1408069503,"Moran, Patrick",1976-12-03,Male,US Citizen,Hispanic,MA,02127,Single,Production,Kelley Spirea,Production Technician II,3,Fully Meets,26,Diversity Job Fair,Leave of Absence,2016-01-09,,N/A
1301052436,"Moumanil, Maliki",1974-12-01,Male,US Citizen,African American,MA,01460,Separated,Production,Michael Albert,Production Technician II,3,Fully Meets,29,On-campus Recruiting,Active,2017-05-13,,N/A
1104025435,"Nowlan, Kristie",1985-11-23,Female,US Citizen,White,MA,01040,Single,Production,Elijiah Gray,Production Technician II,3,Fully Meets,26.39,Glassdoor,Active,2018-11-10,,N/A
1001856521,"Oliver, Brooke",1952-02-11,Female,US Citizen,Asian,MA,02492,Married,Production,Webster Butler,Production Technician II,3,Fully Meets,25,Newspager/Magazine,Voluntarily Terminated,2016-05-14,2017-08-19,Unhappy
1202031821,"Pelletier, Ermine",1989-07-18,Female,US Citizen,Asian,MA,02472,Married,Production,Amy Dunn,Production Technician II,0,N/A,28,Monster.com,Voluntarily Terminated,2015-07-05,2015-09-15,Unhappy
1411071406,"Peters, Lauren",1986-08-17,Female,US Citizen,White,MA,01886,Married,Production,Ketsia Liebig,Production Technician II,4,Exceeds,29,Pay Per Click - Google,Voluntarily Terminated,2015-05-16,2016-02-04,More Money
1103024843,"Petingill, Shana",1979-03-10,Female,Eligible NonCitizen,Asian,MA,02050,Married,Production,Brannon Miller,Production Technician II,3,Fully Meets,26,MBTA ads,Active,2016-04-02,,N/A
1402065340,"Roberson, May",1981-09-05,Female,Eligible NonCitizen,White,MA,01902,Divorced,Production,David Stanley,Production Technician II,0,N/A,26,Search Engine - Google Bing Yahoo,Voluntarily Terminated,2015-09-26,2015-10-22,Return to School
1499902991,"Robertson, Peter",1972-07-03,Male,US Citizen,White,MA,02138,Married,Production,Kissy Sullivan,Production Technician II,3,Fully Meets,22,Glassdoor,Voluntarily Terminated,2015-07-05,2016-02-08,Another Position / Career Change
1106026462,"Sahoo, Adil",1986-04-26,Male,US Citizen,White,MA,02062,Married,Production,Kelley Spirea,Production Technician II,3,Fully Meets,29,Monster.com,Active,2014-08-30,,N/A
1012023103,"Sloan, Constance",1987-11-25,Female,US Citizen,White,MA,01851,Single,Production,Michael Albert,Production Technician II,3,Fully Meets,23,Monster.com,Voluntarily Terminated,2013-10-26,2019-04-08,No Return after Maternity Leave
1001970770,"Smith, Joe",1963-10-30,Male,US Citizen,White,MA,02045,Single,Production,Elijiah Gray,Production Technician II,4,Exceeds,22,Pay Per Click - Google,Active,2018-09-29,,N/A
1406068345,"Tejeda, Lenora",1953-05-24,Female,US Citizen,White,MA,02129,Married,Production,Elijiah Gray,Production Technician II,3,Fully Meets,28.75,Search Engine - Google Bing Yahoo,Voluntarily Terminated,2015-05-16,2016-07-08,Another Position / Career Change
1011022777,"Thibaud, Kenneth",1975-09-16,Male,US Citizen,White,MA,02472,Widowed,Production,Webster Butler,Production Technician II,3,Fully Meets,23,Pay Per Click - Google,Voluntarily Terminated,2011-06-25,2014-08-30,Military
1107027551,"Trzeciak, Cybil",1985-03-15,Female,US Citizen,White,MA,01778,Single,Production,Amy Dunn,Production Technician II,3,Fully Meets,22,Vendor Referral,Voluntarily Terminated,2015-01-10,2016-07-02,Unhappy
1011022818,"Walker, Roger",1976-02-10,Male,US Citizen,African American,MA,02459,Single,Production,Ketsia Liebig,Production Technician II,3,Fully Meets,22,Employee Referral,Active,2018-08-18,,N/A
1405067188,"Winthrop, Jordan",1958-11-07,Male,US Citizen,White,MA,02045,Single,Production,Brannon Miller,Production Technician II,4,Exceeds,29,Professional Society,Voluntarily Terminated,2017-01-07,2020-02-21,Retire
1205033180,"Wolk, Hang  T",1985-04-20,Female,US Citizen,White,MA,02302,Single,Production,David Stanley,Production Technician II,3,Fully Meets,22,Newspager/Magazine,Active,2018-09-29,,N/A
1012023010,"Woodson, Jason",1985-05-11,Male,US Citizen,White,MA,01810,Single,Production,Kissy Sullivan,Production Technician II,3,Fully Meets,24.25,Vendor Referral,Active,2018-07-07,,N/A
1504073313,"Buck, Edward",1975-07-07,Male,US Citizen,White,MA,02330,Married,Sales,Lynn Daneault,Area Sales Manager,3,Fully Meets,55,Employee Referral,Active,2018-09-29,,N/A
1504073368,"Bunbury, Jessica",1964-06-01,Female,Eligible NonCitizen,African American,VA,21851,Married,Sales,John Smith,Area Sales Manager,3,Fully Meets,55,Social Networks - Facebook Twitter etc,Voluntarily Terminated,2015-08-15,2018-08-02,Another Position / Career Change
1403065721,"Carter, Michelle",1963-05-15,Female,US Citizen,White,VT,05664,Single,Sales,John Smith,Area Sales Manager,3,Fully Meets,55,Billboard,Active,2018-08-18,,N/A
1409070567,"Costa, Latia",1988-11-08,Female,US Citizen,White,CA,90007,Single,Sales,Lynn Daneault,Area Sales Manager,4,Exceeds,55,Other,Active,2015-01-10,,N/A
1408069481,"Dietrich, Jenna",1987-05-14,Female,US Citizen,White,WA,98052,Single,Sales,John Smith,Area Sales Manager,1,Performance Improvement Plan,55,Website Banner Ads,Active,2016-02-20,,N/A
1306059197,"Digitale, Alfred",1988-09-14,Male,US Citizen,Hispanic,NH,03062,Married,Sales,John Smith,Area Sales Manager,3,Fully Meets,56,Pay Per Click - Google,Active,2018-08-18,,N/A
1411071302,"Fraval, Maruk",1963-08-28,Male,US Citizen,African American,CT,06050,Single,Sales,Lynn Daneault,Area Sales Manager,3,Fully Meets,55,Monster.com,Active,2015-09-06,,N/A
1204032843,"Friedman, Gerry",1969-02-24,Male,US Citizen,Hispanic,NY,10171,Single,Sales,John Smith,Area Sales Manager,3,Fully Meets,55.5,Diversity Job Fair,Active,2015-03-07,,N/A
1302053046,"Gill, Whitney",1971-07-10,Female,US Citizen,African American,OH,43050,Widowed,Sales,John Smith,Area Sales Manager,3,Fully Meets,55,Monster.com,Terminated for Cause,2018-07-07,2019-09-05,Attitude
1203032099,"Givens, Myriam",1989-09-22,Female,US Citizen,White,IN,46204,Single,Sales,Lynn Daneault,Area Sales Manager,3,Fully Meets,55,Pay Per Click - Google,Active,2019-02-16,,N/A
1411071481,"Gonzales, Ricardo",1954-10-12,Male,US Citizen,White,ID,83706,Married,Sales,John Smith,Area Sales Manager,3,Fully Meets,55.5,Monster.com,Active,2018-05-12,,N/A
1001167253,"Guilianno, Mike",1969-02-09,Male,US Citizen,Hispanic,TN,37129,Single,Sales,John Smith,Area Sales Manager,3,Fully Meets,55,Newspager/Magazine,Voluntarily Terminated,2015-03-07,2018-10-31,Relocation out of Area
1001084890,Jeremy Prater,1974-05-09,Male,US Citizen,White,NV,89139,Married,Sales,Lynn Daneault,Area Sales Manager,1,Performance Improvement Plan,56,Website Banner Ads,Active,2018-05-12,,N/A
1104025008,"Khemmich, Bartholemew",1979-11-27,Male,US Citizen,White,CO,80820,Single,Sales,Lynn Daneault,Area Sales Manager,3,Fully Meets,55,Pay Per Click - Google,Active,2017-08-19,,N/A
1412071660,"Leruth, Giovanni",1988-12-27,Male,US Citizen,African American,UT,84111,Separated,Sales,John Smith,Area Sales Manager,3,Fully Meets,55,Website Banner Ads,Active,2016-04-30,,N/A
1209048771,"Martins, Joseph",1970-06-11,Male,Eligible NonCitizen,African American,TX,78207,Single,Sales,Lynn Daneault,Area Sales Manager,3,Fully Meets,56,Employee Referral,Active,2016-05-14,,N/A
1209049326,"McKinzie, Jac",1984-07-01,Male,US Citizen,Hispanic,TX,78789,Married,Sales,Lynn Daneault,Area Sales Manager,0,N/A,55,Website Banner Ads,Active,2020-07-06,,N/A
1306057978,"Mullaney, Howard",1975-11-02,Male,US Citizen,Hispanic,AL,36006,Single,Sales,John Smith,Area Sales Manager,2,Needs Improvement,55,Internet Search,Active,2018-09-29,,N/A
1111030684,"Nguyen, Dheepa",1989-03-31,Female,US Citizen,Hispanic,GA,30428,Single,Sales,Lynn Daneault,Area Sales Manager,3,Fully Meets,55,Pay Per Click - Google,Active,2017-07-08,,N/A
1501072180,"Onque, Jasmine",1990-05-11,Female,US Citizen,White,FL,33174,Single,Sales,Lynn Daneault,Area Sales Manager,3,Fully Meets,57,Pay Per Click - Google,Active,2017-09-30,,N/A
0812011761,"Ozark, Travis",1982-05-19,Male,US Citizen,White,NC,27229,Single,Sales,John Smith,Area Sales Manager,3,Fully Meets,55,Website Banner Ads,Active,2019-01-05,,N/A
1102024106,"Potts, Xana",1988-08-29,Female,US Citizen,African American,KY,40220,Married,Sales,Lynn Daneault,Area Sales Manager,3,Fully Meets,55,Website Banner Ads,Active,2016-01-09,,N/A
1502072711,"Riordan, Michael",1968-01-15,Male,US Citizen,White,ND,58782,Separated,Sales,Lynn Daneault,Area Sales Manager,4,Exceeds,55,Billboard,Active,2010-01-09,,N/A
1411071295,"Strong, Caitrin",1989-05-12,Female,US Citizen,African American,MT,59102,Married,Sales,John Smith,Area Sales Manager,3,Fully Meets,54,Professional Society,Active,2014-09-27,,N/A
1401064637,"Terry, Sharlene",1965-05-07,Female,US Citizen,African American,OR,97756,Single,Sales,Lynn Daneault,Area Sales Manager,3,Fully Meets,55,Monster.com,Active,2018-09-29,,N/A
1312063714,"Valentin,Jackie",1991-05-23,Female,US Citizen,Hispanic,AZ,85006,Married,Sales,John Smith,Area Sales Manager,3,Fully Meets,55,Other,Active,2015-07-05,,N/A
1111030503,"Villanueva, Noah",1989-07-11,Male,US Citizen,Asian,ME,04063,Single,Sales,John Smith,Area Sales Manager,3,Fully Meets,56,Website Banner Ads,Active,2016-03-05,,N/A
1009021646,"Houlihan, Debra",1966-03-17,Female,US Citizen,White,RI,02908,Married,Sales,Janet King,Director of Sales,3,Fully Meets,60,MBTA ads,Active,2018-05-05,,N/A
1402065303,"Daneault, Lynn",1990-04-19,Female,US Citizen,White,VT,05473,Single,Sales,Debra Houlihan,Sales Manager,3,Fully Meets,54,Pay Per Click - Google,Active,2018-05-05,,N/A
1109029264,"Kampew, Donysha",1989-11-11,Female,US Citizen,White,PA,19444,Single,Sales,Debra Houlihan,Sales Manager,3,Fully Meets,60.25,Social Networks - Facebook Twitter etc,Voluntarily Terminated,2015-11-07,2018-04-24,No Return after Maternity Leave
1499902910,"Smith, John",1984-08-16,Male,US Citizen,African American,MA,01886,Divorced,Sales,Debra Houlihan,Sales Manager,2,Needs Improvement,56,Diversity Job Fair,Active,2018-05-18,,N/A
1107027358,"Andreola, Colby",1979-05-24,Female,US Citizen,White,MA,02110,Single,Software Engineering,Alex Sweetwater,Software Engineer,3,Fully Meets,47.6,Vendor Referral,Active,2018-11-10,,N/A
1101023577,"Carabbio, Judith",1987-04-05,Female,US Citizen,White,MA,02132,Single,Software Engineering,Alex Sweetwater,Software Engineer,3,Fully Meets,56,Pay Per Click - Google,Active,2017-11-11,,N/A
1203032498,"Del Bosque, Keyla",1979-07-05,Female,US Citizen,African American,MA,02176,Single,Software Engineering,Alex Sweetwater,Software Engineer,3,Fully Meets,57.12,Monster.com,Active,2016-01-09,,N/A
1401064670,"Exantus, Susan",1987-05-15,Female,US Citizen,African American,MA,01749,Married,Software Engineering,Alex Sweetwater,Software Engineer,2,Needs Improvement,48.5,Billboard,Terminated for Cause,2015-05-02,2017-06-05,Attitude
1303054625,"Martin, Sandra",1987-11-07,Female,US Citizen,Asian,MA,02135,Single,Software Engineering,Alex Sweetwater,Software Engineer,3,Fully Meets,55.51,Search Engine - Google Bing Yahoo,Active,2017-11-11,,N/A
1112030979,"Patronick, Luke",1979-02-20,Male,US Citizen,Asian,MA,01844,Single,Software Engineering,Alex Sweetwater,Software Engineer,4,Exceeds,52.25,Diversity Job Fair,Voluntarily Terminated,2015-11-07,2019-09-07,Another Position / Career Change
1012023185,"Saada, Adell",1986-07-24,Female,US Citizen,White,MA,02132,Married,Software Engineering,Alex Sweetwater,Software Engineer,3,Fully Meets,49.25,Pay Per Click - Google,Active,2016-11-05,,N/A
1201031324,"Szabo, Andrew",1983-05-06,Male,US Citizen,White,MA,02140,Single,Software Engineering,Alex Sweetwater,Software Engineer,5,Exceptional,48,MBTA ads,Active,2018-07-07,,N/A
1102024057,"True, Edward",1983-06-14,Male,Non-Citizen,African American,MA,02451,Single,Software Engineering,Alex Sweetwater,Software Engineer,3,Fully Meets,45.42,Diversity Job Fair,Voluntarily Terminated,2017-02-18,2018-04-15,Medical Issues
1001644719,"Sweetwater, Alex",1966-11-22,Male,US Citizen,White,MA,02184,Single,Software Engineering,Jennifer Zamora,Software Engineering Manager,3,Fully Meets,27,Search Engine - Google Bing Yahoo,Active,2015-08-15,,N/A
1009919920,"Champaigne, Brian",1972-02-09,Male,US Citizen,White,MA,02045,Married,IT/IS,Jennifer Zamora,BI Director,3,Fully Meets,63.5,Professional Society,Active,2020-09-06,,N/A
1009919930,"Le, Binh",1987-06-14,Female,US Citizen,Asian,MA,01886,Single,IT/IS,Brian Champaigne,Senior BI Developer,3,Fully Meets,50.25,Indeed,Active,2020-10-02,,N/A
1009919940,"Rachael, Maggie",1980-05-12,Female,US Citizen,African American,MA,02110,Married,IT/IS,Brian Champaigne,BI Developer,3,Fully Meets,45,Indeed,Active,2020-10-02,,N/A
1009919950,"Roper, Katie",1972-11-21,Female,US Citizen,African American,MA,02056,Single,IT/IS,Brian Champaigne,Data Architect,3,Fully Meets,55,Indeed,Active,2021-01-07,,N/A
1009919960,"Navathe, Kurt",1970-04-25,Male,US Citizen,Asian,MA,02056,Single,IT/IS,Brian Champaigne,Senior BI Developer,3,Fully Meets,52.25,Indeed,Active,2021-02-10,,N/A
1009919970,"Wang, Charlie",1981-07-08,Male,US Citizen,Asian,MA,01887,Single,IT/IS,Brian Champaigne,Senior BI Developer,3,Fully Meets,51,Indeed,Active,2021-02-15,,N/A
1009919980,"Smith, Jason",1983-09-04,Male,US Citizen,White,MA,02045,Single,IT/IS,Brian Champaigne,BI Developer,3,Fully Meets,46,Indeed,Active,2021-02-15,,N/A
1009919990,"Westinghouse, Matthew",1987-10-24,Male,US Citizen,White,MA,02134,Married,IT/IS,Brian Champaigne,BI Developer,3,Fully Meets,45,Indeed,Active,2021-04-20,,N/A
1009920000,"Hubert, Robert",1989-06-30,Male,US Citizen,African American,MA,02134,Married,IT/IS,Brian Champaigne,BI Developer,3,Fully Meets,45,Indeed,Active,2021-04-20,,N/A
