Employee Number,Employee Name,Date of Birth,Sex,Citizenship,Race,State,Zip,Marital Status,Department,Manager Name,Position,Performance Rank,Performance Score,Pay Rate,Employee Source,Employment Status,Date of Hire,Date of Termination,Reason for Termination,age,worked
1103024456,"Brown, Mia",1987.11.24,Female,US Citizen,African American,MA,1450,Married,Admin Offices,Brandon R. LeBlanc,Accountant I,3,Fully Meets,28.5,Diversity Job Fair,Active,2012.10.27,,N/A,34,9
1106026572,"LaRotonda, William",1984.4.26,Male,US Citizen,African American,MA,1460,Divorced,Admin Offices,Brandon R. LeBlanc,Accountant I,3,Fully Meets,23,Website Banner Ads,Active,2018.1.6,,N/A,37,3
1302053333,"Steans, Tyrone",1986.9.1,Male,US Citizen,White,MA,2703,Single,Admin Offices,Brandon R. LeBlanc,Accountant I,3,Fully Meets,29,Internet Search,Active,2018.9.29,,N/A,35,3
1211050782,"Howard, Estelle",1985.9.16,Female,US Citizen,White,MA,2170,Married,Admin Offices,Brandon R. LeBlanc,Administrative Assistant,0,N/A,21.5,Pay Per Click - Google,Active,2019.2.16,,N/A,36,2
1307059817,"Singh, Nan",1988.5.19,Female,US Citizen,White,MA,2330,Single,Admin Offices,Brandon R. LeBlanc,Administrative Assistant,0,N/A,16.56,Website Banner Ads,Active,2019.5.1,,N/A,33,2
711007713,"Smith, Leigh Ann",1987.6.14,Female,US Citizen,Asian,MA,1844,Married,Admin Offices,Brandon R. LeBlanc,Administrative Assistant,3,Fully Meets,20.5,Diversity Job Fair,Voluntarily Terminated,2015.9.26,2017.9.25,Another Position / Career Change,34,2
1102024115,"LeBlanc, Brandon  R",1984.6.10,Male,US Citizen,White,MA,1460,Married,Admin Offices,Janet King,Shared Services Manager,3,Fully Meets,55,Monster.com,Active,2020.1.5,,N/A,37,1
1206043417,"Quinn, Sean",1984.11.6,Male,Eligible NonCitizen,African American,MA,2045,Married,Admin Offices,Janet King,Shared Services Manager,3,Fully Meets,55,Diversity Job Fair,Voluntarily Terminated,2015.2.21,2019.8.15,Another Position / Career Change,37,4
1307060188,"Boutwell, Bonalyn",1987.4.4,Female,US Citizen,Asian,MA,2468,Married,Admin Offices,Brandon R. LeBlanc,Sr. Accountant,3,Fully Meets,34.95,Diversity Job Fair,Active,2019.2.16,,N/A,34,2
1201031308,"Foster-Baker, Amy",1979.4.16,Female,US Citizen,White,MA,2050,Married,Admin Offices,Board of Directors,Sr. Accountant,3,Fully Meets,34.95,Other,Active,2013.1.5,,N/A,42,8
1001495124,"King, Janet",1954.9.21,Female,US Citizen,White,MA,1902,Married,Executive Office,Board of Directors,President & CEO,3,Fully Meets,80,Pay Per Click - Google,Active,2016.7.2,,N/A,67,5
1112030816,"Zamora, Jennifer",1979.8.30,Female,US Citizen,White,MA,2067,Single,IT/IS,Janet King,CIO,5,Exceptional,65,Employee Referral,Active,2014.4.10,,N/A,42,7
1102024056,"Becker, Renee",1986.4.4,Female,US Citizen,White,MA,2026,Single,IT/IS,Simon Roup,Database Administrator,3,Fully Meets,43,Search Engine - Google Bing Yahoo,Terminated for Cause,2018.7.7,2019.9.12,Performance,35,1
905013738,"Goble, Taisha",1971.10.23,Female,US Citizen,White,MA,2127,Single,IT/IS,Simon Roup,Database Administrator,3,Fully Meets,48.5,Glassdoor,Terminated for Cause,2019.2.16,2019.3.15,Gross Misconduct,50,0
1410071156,"Hernandez, Daniff",1986.8.7,Male,US Citizen,African American,MA,1960,Married,IT/IS,Simon Roup,Database Administrator,0,N/A,40.1,Employee Referral,Terminated for Cause,2019.2.16,2019.2.22,Gross Misconduct,35,0
1105025718,"Horton, Jayne",1984.2.21,Female,US Citizen,White,MA,2493,Single,IT/IS,Simon Roup,Database Administrator,0,N/A,34,Glassdoor,Active,2019.3.30,,N/A,37,2
1003018246,"Johnson, Noelle",1986.11.7,Female,US Citizen,Asian,MA,2301,Married,IT/IS,Simon Roup,Database Administrator,3,Fully Meets,40,Glassdoor,Leave of Absence,2019.1.5,,N/A,35,2
1406068403,"Murray, Thomas",1988.7.4,Male,US Citizen,African American,TX,78230,Divorced,IT/IS,Simon Roup,Database Administrator,5,Exceptional,35.5,Diversity Job Fair,Active,2018.11.10,,N/A,33,3
1102023965,"Pearson, Randall",1984.9.5,Male,US Citizen,White,MA,2747,Married,IT/IS,Simon Roup,Database Administrator,3,Fully Meets,41,Employee Referral,Voluntarily Terminated,2018.12.1,2020.5.1,Performance,37,2
1108027853,"Petrowsky, Thelma",1984.9.16,Female,US Citizen,Asian,MA,1886,Married,IT/IS,Simon Roup,Database Administrator,5,Exceptional,42.75,Employee Referral,Active,2018.11.10,,N/A,37,3
1407068885,"Roby, Lori",1981.10.11,Female,US Citizen,White,MA,1886,Married,IT/IS,Simon Roup,Database Administrator,3,Fully Meets,39.55,Employee Referral,Active,2019.2.16,,N/A,40,2
1203032255,"Rogers, Ivan",1986.8.26,Male,US Citizen,White,MA,1810,Married,IT/IS,Simon Roup,Database Administrator,0,N/A,42.2,Pay Per Click - Google,Active,2019.3.30,,N/A,35,2
1111030148,"Salter, Jason",1987.12.17,Male,US Citizen,African American,MA,2452,Divorced,IT/IS,Simon Roup,Database Administrator,3,Fully Meets,45,Vendor Referral,Voluntarily Terminated,2019.1.5,2019.10.31,Working Hours,34,0
808010278,"Simard, Kramer",1970.2.8,Male,US Citizen,White,MA,2110,Married,IT/IS,Simon Roup,Database Administrator,3,Fully Meets,30.2,Employee Referral,Active,2019.1.5,,N/A,51,2
1110029732,"Zhou, Julia",1979.2.24,Female,US Citizen,White,MA,2148,Single,IT/IS,Simon Roup,Database Administrator,3,Fully Meets,31.4,Employee Referral,Active,2019.3.30,,N/A,42,2
1192991000,"Foss, Jason",1980.7.5,Male,US Citizen,African American,MA,1460,Single,IT/IS,Jennifer Zamora,IT Director,5,Exceptional,65,Professional Society,Active,2015.4.15,,N/A,41,6
1106026933,"Roup,Simon",1973.4.5,Male,US Citizen,White,MA,2481,Single,IT/IS,Jennifer Zamora,IT Manager - DB,3,Fully Meets,62,Professional Society,Active,2017.1.20,,N/A,48,4
1001175250,"Ruiz, Ricardo",1964.1.4,Male,US Citizen,Hispanic,MA,1915,Divorced,IT/IS,Jennifer Zamora,IT Manager - DB,3,Fully Meets,21,Diversity Job Fair,Voluntarily Terminated,2016.1.9,2019.11.4,Working Hours,57,3
1011022863,"Monroe, Peter",1986.10.5,Male,Eligible NonCitizen,Hispanic,MA,2134,Married,IT/IS,Jennifer Zamora,IT Manager - Infra,2,Needs Improvement,63,Diversity Job Fair,Active,2016.2.15,,N/A,35,5
1101023754,"Dougall, Eric",1970.7.9,Male,US Citizen,White,MA,1886,Single,IT/IS,Jennifer Zamora,IT Manager - Support,4,Exceeds,64,Professional Society,Active,2018.1.5,,N/A,51,3
1301052902,"Clayton, Rick",1985.9.5,Male,US Citizen,White,MA,2170,Single,IT/IS,Eric Dougall,IT Support,3,Fully Meets,28.99,Glassdoor,Active,2016.9.5,,N/A,36,5
1501072093,"Galia, Lisa",1968.7.6,Female,US Citizen,White,CT,6040,Single,IT/IS,Eric Dougall,IT Support,3,Fully Meets,31.4,Vendor Referral,Active,2014.5.1,,N/A,53,7
602000312,"Lindsay, Leonara",1988.10.5,Female,US Citizen,Hispanic,CT,6070,Single,IT/IS,Eric Dougall,IT Support,4,Exceeds,26,Diversity Job Fair,Active,2015.1.21,,N/A,33,6
1203032263,"Soto, Julia",1973.3.12,Female,US Citizen,African American,MA,2360,Married,IT/IS,Eric Dougall,IT Support,3,Fully Meets,27.49,Information Session,Active,2015.6.10,,N/A,48,6
1212052023,"Bacong, Alejandro",1988.1.7,Male,US Citizen,White,MA,1886,Divorced,IT/IS,Peter Monroe,Network Engineer,3,Fully Meets,45,Glassdoor,Active,2019.1.5,,N/A,33,2
1102024173,"Cisco, Anthony",1989.11.24,Male,US Citizen,White,MA,2135,Married,IT/IS,Peter Monroe,Network Engineer,0,N/A,42,Information Session,Active,2019.3.30,,N/A,32,2
1101023540,"Dolan, Linda",1988.7.18,Female,US Citizen,White,MA,2119,Married,IT/IS,Peter Monroe,Network Engineer,3,Fully Meets,37,Employee Referral,Active,2019.1.5,,N/A,33,2
1988299991,"Gonzalez, Maria",1981.4.16,Female,US Citizen,White,MA,2472,Separated,IT/IS,Peter Monroe,Network Engineer,3,Fully Meets,39,Employee Referral,Active,2019.1.5,,N/A,40,2
1012023013,"Merlos, Carlos",1987.6.18,Male,US Citizen,White,MA,2138,Single,IT/IS,Peter Monroe,Network Engineer,0,N/A,43,Vendor Referral,Active,2019.3.30,,N/A,34,2
1001956578,"Morway, Tanya",1979.4.4,Female,US Citizen,White,MA,2048,Married,IT/IS,Peter Monroe,Network Engineer,3,Fully Meets,27,Monster.com,Active,2019.2.16,,N/A,42,2
906014183,"Shepard, Anita",1981.4.14,Female,US Citizen,White,MA,1773,Married,IT/IS,Peter Monroe,Network Engineer,3,Fully Meets,47,Vendor Referral,Active,2018.9.30,,N/A,40,3
1104025466,"Tredinnick, Neville",1988.5.5,Male,US Citizen,White,MA,1420,Married,IT/IS,Peter Monroe,Network Engineer,3,Fully Meets,28,Monster.com,Voluntarily Terminated,2019.1.5,2019.5.12,Medical Issues,33,0
1411071506,"Turpin, Jumil",1969.3.31,Male,Eligible NonCitizen,White,MA,2343,Married,IT/IS,Peter Monroe,Network Engineer,0,N/A,49.1,Employee Referral,Active,2019.3.30,,N/A,52,2
1307060199,"Ait Sidi, Karthikeyan",1975.5.5,Male,US Citizen,White,MA,2148,Married,IT/IS,Simon Roup,Sr. DBA,3,Fully Meets,62,Company Intranet - Partner,Voluntarily Terminated,2019.3.30,2020.6.16,Another Position / Career Change,46,1
1010022337,"Carr, Claudia  N",1986.6.6,Female,US Citizen,African American,MA,1886,Single,IT/IS,Simon Roup,Sr. DBA,0,N/A,61.3,Vendor Referral,Active,2020.6.30,,N/A,35,1
1412071562,"Favis, Donald",1964.7.30,Male,US Citizen,African American,CT,6033,Single,IT/IS,Simon Roup,Sr. DBA,3,Fully Meets,58.2,Vendor Referral,Terminated for Cause,2018.2.17,2020.2.19,Working Hours,57,2
1111030266,"Roehrich, Bianca",1973.5.27,Female,US Citizen,White,MA,2703,Single,IT/IS,Simon Roup,Sr. DBA,3,Fully Meets,58.5,Vendor Referral,Voluntarily Terminated,2019.1.5,2019.11.10,Another Position / Career Change,48,0
1411071312,"Daniele, Ann",1952.1.18,Female,US Citizen,White,CT,6033,Married,IT/IS,Peter Monroe,Sr. Network Engineer,3,Fully Meets,54.1,Vendor Referral,Leave of Absence,2018.11.10,,N/A,69,3
1108028108,"Lajiri,  Jyoti",1986.4.23,Male,US Citizen,White,MA,2169,Married,IT/IS,Peter Monroe,Sr. Network Engineer,3,Fully Meets,56.2,Employee Referral,Leave of Absence,2018.11.10,,N/A,35,3
904013591,"Semizoglou, Jeremiah",1983.2.9,Male,US Citizen,Asian,MA,1545,Married,IT/IS,Peter Monroe,Sr. Network Engineer,0,N/A,53.8,On-campus Recruiting,Active,2020.6.30,,N/A,38,1
1308060959,"South, Joe",1965.9.9,Male,US Citizen,White,CT,6278,Single,IT/IS,Peter Monroe,Sr. Network Engineer,3,Fully Meets,53,Employee Referral,Active,2018.11.10,,N/A,56,3
1301052347,"Warfield, Sarah",1978.5.2,Female,US Citizen,Asian,MA,2453,Widowed,IT/IS,Peter Monroe,Sr. Network Engineer,0,N/A,55.2,Employee Referral,Active,2019.3.30,,N/A,43,2
1006020066,"Bramante, Elisa",1983.3.19,Female,US Citizen,African American,MA,2030,Single,Production,Janet King,Director of Operations,4,Exceeds,60,Other,Active,2013.1.5,,N/A,38,8
1501072311,"Albert, Michael",1968.10.10,Male,US Citizen,White,MA,2169,Divorced,Production,Janet King,Production Manager,3,Fully Meets,54.5,Employee Referral,Active,2015.8.1,,N/A,53,6
1303054580,"Bozzi, Charles",1970.3.10,Male,US Citizen,Asian,MA,1901,Single,Production,Janet King,Production Manager,3,Fully Meets,50.5,Billboard,Voluntarily Terminated,2017.9.30,2018.8.7,Retire,51,1
1110029990,"Butler, Webster  L",1983.8.9,Male,US Citizen,White,MA,2169,Single,Production,Janet King,Production Manager,4,Exceeds,55,Pay Per Click - Google,Active,2020.1.28,,N/A,38,1
1409070147,"Dunn, Amy",1973.11.28,Female,US Citizen,White,MA,1731,Single,Production,Janet King,Production Manager,3,Fully Meets,51,Search Engine - Google Bing Yahoo,Active,2018.9.18,,N/A,48,3
1307060077,"Gray, Elijiah",1981.7.11,Male,US Citizen,White,MA,1752,Divorced,Production,Janet King,Production Manager,3,Fully Meets,54,Employee Referral,Active,2019.6.2,,N/A,40,2
1001944783,"Hogland, Jonathan",1972.7.1,Male,US Citizen,White,MA,1890,Married,Production,Janet King,Production Manager,3,Fully Meets,48.5,Employee Referral,Terminated for Cause,2015.1.10,2019.12.12,Attitude,49,4
1403065874,"Immediato, Walter",1976.11.15,Male,US Citizen,Asian,MA,2128,Married,Production,Janet King,Production Manager,2,Needs Improvement,42,Other,Voluntarily Terminated,2015.2.21,2016.9.24,Unhappy,45,1
1103024679,"Liebig, Ketsia",1981.10.26,Female,US Citizen,White,MA,2110,Married,Production,Janet King,Production Manager,4,Exceeds,55,Website Banner Ads,Active,2017.9.30,,N/A,40,4
1107027351,"Miller, Brannon",1981.8.10,Male,US Citizen,Hispanic,MA,2045,Single,Production,Janet King,Production Manager,3,Fully Meets,53,Internet Search,Active,2016.8.16,,N/A,40,5
1402065355,"Peterson, Ebonee",1977.5.9,Female,US Citizen,White,MA,2030,Married,Production,Janet King,Production Manager,3,Fully Meets,38.5,Internet Search,Voluntarily Terminated,2014.10.25,2020.5.18,Another Position / Career Change,44,6
1102024149,"Spirea, Kelley",1975.9.30,Female,US Citizen,White,MA,2451,Married,Production,Janet King,Production Manager,3,Fully Meets,52,Vendor Referral,Active,2016.10.2,,N/A,46,5
1000974650,"Stanley, David",1975.12.17,Male,US Citizen,White,MA,1803,Divorced,Production,Janet King,Production Manager,2,Needs Improvement,53,Monster.com,Active,2014.7.20,,N/A,46,7
1405067298,"Sullivan, Kissy",1978.3.28,Female,US Citizen,African American,MA,1776,Married,Production,Janet King,Production Manager,3,Fully Meets,55,Billboard,Active,2013.1.8,,N/A,43,8
1410071026,"Wallace, Courtney  E",1955.11.14,Female,US Citizen,African American,MA,2478,Married,Production,Janet King,Production Manager,3,Fully Meets,33.5,Diversity Job Fair,Voluntarily Terminated,2015.9.26,2016.1.2,Another Position / Career Change,66,1
1409070522,"Adinolfi, Wilson  K",1983.7.10,Male,US Citizen,White,MA,1960,Single,Production,Michael Albert,Production Technician I,4,Exceeds,20,MBTA ads,Active,2015.7.5,,N/A,38,6
1011022883,"Alagbe,Trina",1988.9.27,Female,US Citizen,White,MA,1886,Married,Production,Elijiah Gray,Production Technician I,3,Fully Meets,21,Billboard,Active,2012.1.7,,N/A,33,9
1001417624,"Anderson, Carol",1989.9.8,Female,US Citizen,White,MA,2169,Divorced,Production,Webster Butler,Production Technician I,0,N/A,16,Word of Mouth,Voluntarily Terminated,2015.7.11,2015.9.6,Return to School,32,0
1304055947,"Anderson, Linda",1977.5.22,Female,US Citizen,White,MA,1844,Single,Production,Amy Dunn,Production Technician I,5,Exceptional,23,MBTA ads,Active,2016.1.9,,N/A,44,5
1301052124,"Athwal, Sam",1983.2.18,Male,US Citizen,White,MA,2199,Widowed,Production,Ketsia Liebig,Production Technician I,0,N/A,22,Employee Referral,Active,2017.9.30,,N/A,38,4
1212051409,"Bachiochi, Linda",1970.2.11,Female,US Citizen,Hispanic,MA,1902,Single,Production,Brannon Miller,Production Technician I,3,Fully Meets,22,Diversity Job Fair,Leave of Absence,2013.7.6,,N/A,51,8
1307060083,"Baczenski, Rachael",1974.1.12,Female,US Citizen,Hispanic,MA,1902,Married,Production,David Stanley,Production Technician I,0,N/A,17,Diversity Job Fair,Voluntarily Terminated,2015.1.10,2015.1.12,Another Position / Career Change,47,0
1312063507,"Barbara, Thomas",1974.2.21,Male,US Citizen,Asian,MA,2062,Married,Production,Kissy Sullivan,Production Technician I,3,Fully Meets,22,Diversity Job Fair,Voluntarily Terminated,2016.4.2,2016.9.19,Unhappy,47,0
1101023679,"Barone, Francesco  A",1983.7.20,Male,US Citizen,Hispanic,MA,1810,Single,Production,Kelley Spirea,Production Technician I,3,Fully Meets,16.76,Social Networks - Facebook Twitter etc,Active,2016.2.20,,N/A,38,5
1212051962,"Barton, Nader",1977.7.15,Male,US Citizen,White,MA,2747,Divorced,Production,Michael Albert,Production Technician I,3,Fully Meets,18,On-line Web application,Voluntarily Terminated,2016.9.24,2017.4.6,Another Position / Career Change,44,1
1403066194,"Beatrice, Courtney",1970.10.27,Female,Eligible NonCitizen,White,MA,1915,Single,Production,Elijiah Gray,Production Technician I,3,Fully Meets,22,Search Engine - Google Bing Yahoo,Active,2015.4.4,,N/A,51,6
1110029777,"Becker, Scott",1979.4.6,Male,US Citizen,Asian,MA,2452,Single,Production,Webster Butler,Production Technician I,3,Fully Meets,17,MBTA ads,Leave of Absence,2017.7.8,,N/A,42,4
1109029366,"Bernstein, Sean",1970.12.22,Male,US Citizen,White,MA,2072,Single,Production,Amy Dunn,Production Technician I,3,Fully Meets,16,Word of Mouth,Active,2016.4.2,,N/A,51,5
1412071844,"Biden, Lowan  M",1958.12.27,Female,US Citizen,Asian,MA,2027,Divorced,Production,Ketsia Liebig,Production Technician I,3,Fully Meets,22,Billboard,Active,2017.8.19,,N/A,63,4
1308060366,"Billis, Helen",1989.9.1,Female,US Citizen,White,MA,2031,Married,Production,Brannon Miller,Production Technician I,4,Exceeds,16,Professional Society,Active,2018.7.7,,N/A,32,3
1406068293,"Brill, Donna",1990.8.24,Female,US Citizen,White,MA,1701,Married,Production,David Stanley,Production Technician I,3,Fully Meets,20,Search Engine - Google Bing Yahoo,Voluntarily Terminated,2016.4.2,2017.6.15,Another Position / Career Change,31,1
1408069635,"Bugali, Josephine",1969.10.30,Female,US Citizen,African American,MA,2043,Separated,Production,Kissy Sullivan,Production Technician I,3,Fully Meets,20,Diversity Job Fair,Leave of Absence,2017.11.11,,N/A,52,4
1311063114,"Carey, Michael",1983.2.2,Male,US Citizen,African American,MA,1701,Single,Production,Kelley Spirea,Production Technician I,3,Fully Meets,20,MBTA ads,Active,2018.3.31,,N/A,38,3
1208048062,"Chace, Beatrice",1951.1.2,Female,US Citizen,White,MA,2763,Single,Production,Michael Albert,Production Technician I,3,Fully Meets,16,Search Engine - Google Bing Yahoo,Active,2018.9.29,,N/A,70,3
1305057282,"Chan, Lin",1979.2.12,Female,US Citizen,White,MA,2170,Single,Production,Elijiah Gray,Production Technician I,3,Fully Meets,19.5,Internet Search,Active,2018.5.12,,N/A,42,3
1111030129,"Chang, Donovan  E",1983.8.24,Male,US Citizen,White,MA,1845,Single,Production,Webster Butler,Production Technician I,3,Fully Meets,22,Newspager/Magazine,Active,2017.7.8,,N/A,38,4
1101023394,"Chivukula, Enola",1983.8.27,Female,US Citizen,White,MA,1775,Single,Production,Amy Dunn,Production Technician I,3,Fully Meets,21,Other,Voluntarily Terminated,2015.6.27,2019.11.15,Relocation out of Area,38,4
1012023295,"Cierpiszewski, Caroline",1988.5.31,Female,Non-Citizen,African American,MA,2044,Single,Production,Ketsia Liebig,Production Technician I,3,Fully Meets,22,Pay Per Click - Google,Active,2015.10.3,,N/A,33,6
1407069280,"Clukey, Elijian",1980.8.26,Male,US Citizen,White,MA,2134,Married,Production,Brannon Miller,Production Technician I,4,Exceeds,24.75,Employee Referral,Active,2020.7.6,,N/A,41,1
1599991009,"Cockel, James",1977.9.8,Male,US Citizen,White,MA,2452,Single,Production,David Stanley,Production Technician I,3,Fully Meets,15,Employee Referral,Active,2017.7.8,,N/A,44,4
1001450968,"Cole, Spencer",1979.8.12,Male,US Citizen,African American,MA,1880,Single,Production,Kissy Sullivan,Production Technician I,2,Needs Improvement,15,MBTA ads,Terminated for Cause,2015.7.11,2016.9.23,Performance,42,1
1403066069,"Cornett, Lisa",1977.3.31,Female,US Citizen,White,MA,2189,Married,Production,Kelley Spirea,Production Technician I,3,Fully Meets,15.75,Billboard,Active,2019.1.5,,N/A,44,2
1311063172,"Crimmings,   Jean",1987.4.10,Female,US Citizen,White,MA,1821,Single,Production,Michael Albert,Production Technician I,0,N/A,19.75,Newspager/Magazine,Active,2020.7.6,,N/A,34,1
1001109612,"Darson, Jene'ya",1978.11.5,Female,US Citizen,White,MA,2110,Married,Production,Elijiah Gray,Production Technician I,3,Fully Meets,15,Billboard,Active,2016.7.2,,N/A,43,5
1306058816,"DeGweck,  James",1977.10.31,Male,US Citizen,White,MA,1810,Married,Production,Webster Butler,Production Technician I,3,Fully Meets,23.5,Billboard,Voluntarily Terminated,2015.5.16,2019.6.8,Unhappy,44,4
1501072124,"Desimone, Carl",1967.4.19,Male,US Citizen,White,MA,2061,Married,Production,Amy Dunn,Production Technician I,1,Performance Improvement Plan,20,Professional Society,Active,2018.7.7,,N/A,54,3
706006285,"Dickinson, Geoff",1982.11.15,Male,US Citizen,White,MA,2180,Single,Production,Ketsia Liebig,Production Technician I,3,Fully Meets,21,Pay Per Click - Google,Active,2018.5.12,,N/A,39,3
1209048696,"DiNocco, Lily",1978.12.2,Female,US Citizen,African American,MA,2351,Married,Production,Brannon Miller,Production Technician I,2,Needs Improvement,22,Pay Per Click - Google,Active,2017.1.7,,N/A,43,4
1202031618,"Dobrin, Denisa  S",1986.10.7,Female,US Citizen,White,MA,2125,Single,Production,David Stanley,Production Technician I,3,Fully Meets,16.75,Monster.com,Active,2016.4.2,,N/A,35,5
1406067865,"Eaton, Marianne",1991.9.5,Female,US Citizen,White,MA,2343,Married,Production,Kissy Sullivan,Production Technician I,3,Fully Meets,17,Search Engine - Google Bing Yahoo,Voluntarily Terminated,2015.4.4,2017.6.6,Military,30,2
1007020403,"Engdahl, Jean",1974.5.31,Male,US Citizen,White,MA,2026,Single,Production,Kelley Spirea,Production Technician I,3,Fully Meets,21.25,MBTA ads,Active,2018.11.10,,N/A,47,3
1101023612,"England, Rex",1978.8.25,Male,US Citizen,White,MA,2045,Married,Production,Kelley Spirea,Production Technician I,3,Fully Meets,21,Employee Referral,Active,2018.3.31,,N/A,43,3
1104025243,"Estremera, Miguel",1983.9.2,Male,US Citizen,White,MA,2129,Single,Production,Michael Albert,Production Technician I,2,Needs Improvement,17,Word of Mouth,Terminated for Cause,2016.4.2,2018.9.27,Attitude,38,2
1107027392,"Evensen, April",1989.5.6,Female,US Citizen,White,MA,2458,Single,Production,Elijiah Gray,Production Technician I,0,N/A,18,Word of Mouth,Terminated for Cause,2018.2.17,2018.2.25,Gross Misconduct,32,0
1502072511,"Ferguson, Susan",1955.4.14,Female,US Citizen,White,MA,2176,Married,Production,Webster Butler,Production Technician I,3,Fully Meets,20,Search Engine - Google Bing Yahoo,Voluntarily Terminated,2015.11.7,2018.5.17,Military,66,3
1302053339,"Fernandes, Nilson",1989.10.18,Male,US Citizen,White,MA,2132,Married,Production,Amy Dunn,Production Technician I,0,N/A,18,Professional Society,Active,2019.5.11,,N/A,32,2
803009012,"Ferreira, Violeta",1986.6.10,Female,US Citizen,White,MA,2176,Single,Production,Ketsia Liebig,Production Technician I,3,Fully Meets,23,Newspager/Magazine,Active,2016.2.20,,N/A,35,5
1006020020,"Fidelia,  Libby",1981.3.16,Female,US Citizen,White,MA,2155,Married,Production,Brannon Miller,Production Technician I,3,Fully Meets,24,Social Networks - Facebook Twitter etc,Active,2016.1.9,,N/A,40,5
1309061015,"Garcia, Raul",1985.9.15,Male,US Citizen,White,MA,1905,Single,Production,David Stanley,Production Technician I,0,N/A,19,Employee Referral,Active,2019.3.30,,N/A,36,2
1104025414,"Garneau, Hamish",1980.4.18,Male,US Citizen,Asian,MA,1550,Single,Production,Kissy Sullivan,Production Technician I,3,Fully Meets,18,Professional Society,Active,2017.7.8,,N/A,41,4
1105026041,"Gaul, Barbara",1983.12.2,Female,US Citizen,African American,MA,2121,Single,Production,Kelley Spirea,Production Technician I,3,Fully Meets,24,MBTA ads,Active,2015.5.16,,N/A,38,6
1501072192,"Gentry, Mildred",1990.10.1,Female,US Citizen,African American,MA,2145,Married,Production,Michael Albert,Production Technician I,0,N/A,19,Professional Society,Active,2019.3.30,,N/A,31,2
1308060622,"Gerke, Melisa",1970.5.15,Female,US Citizen,White,MA,2330,Divorced,Production,Elijiah Gray,Production Technician I,0,N/A,22,Diversity Job Fair,Voluntarily Terminated,2015.11.7,2015.11.15,Working Hours,51,0
1008020960,"Gilles, Alex",1974.8.9,Male,US Citizen,African American,MA,2062,Married,Production,Webster Butler,Production Technician I,2,Needs Improvement,15,Diversity Job Fair,Voluntarily Terminated,2016.4.2,2019.6.25,Military,47,3
1204032927,"Girifalco, Evelyn",1980.5.8,Female,US Citizen,Hispanic,MA,2451,Single,Production,Amy Dunn,Production Technician I,4,Exceeds,16,Professional Society,Active,2018.9.29,,N/A,41,3
1408069539,"Gold, Shenice",1992.6.18,Female,US Citizen,White,MA,2451,Single,Production,Ketsia Liebig,Production Technician I,3,Fully Meets,17,Glassdoor,Active,2017.11.11,,N/A,29,4
1411071212,"Gonzalez, Cayo",1969.9.29,Male,US Citizen,Hispanic,MA,2108,Divorced,Production,Brannon Miller,Production Technician I,4,Exceeds,16,Diversity Job Fair,Active,2015.7.11,,N/A,52,6
1106026579,"Gordon, David",1979.5.21,Male,US Citizen,White,MA,2169,Married,Production,David Stanley,Production Technician I,3,Fully Meets,15,MBTA ads,Active,2016.7.2,,N/A,42,5
1312063675,"Goyal, Roxana",1974.10.9,Female,US Citizen,Asian,MA,1864,Married,Production,Kissy Sullivan,Production Technician I,3,Fully Meets,24,On-campus Recruiting,Leave of Absence,2017.8.19,,N/A,47,4
1103024859,"Gross, Paula",1983.5.21,Female,US Citizen,White,MA,2176,Divorced,Production,Kelley Spirea,Production Technician I,3,Fully Meets,14,Monster.com,Voluntarily Terminated,2015.2.21,2018.1.11,More Money,38,3
1405067064,"Handschiegl, Joanne",1977.3.23,Female,US Citizen,White,MA,2127,Married,Production,Michael Albert,Production Technician I,3,Fully Meets,24,Word of Mouth,Active,2015.11.28,,N/A,44,6
1406068241,"Harrell, Ludwick",1982.9.2,Male,US Citizen,Asian,MA,1776,Married,Production,Elijiah Gray,Production Technician I,3,Fully Meets,21,Search Engine - Google Bing Yahoo,Active,2016.5.14,,N/A,39,5
1110029602,"Harrington, Christie",1952.8.18,Female,US Citizen,White,MA,2324,Single,Production,Webster Butler,Production Technician I,3,Fully Meets,19.75,Monster.com,Voluntarily Terminated,2016.1.9,2019.12.15,Retire,69,3
1404066622,"Harrison, Kara",1974.5.2,Female,US Citizen,White,MA,1886,Married,Production,Amy Dunn,Production Technician I,4,Exceeds,20,Monster.com,Active,2018.5.12,,N/A,47,3
1002017900,"Heitzman, Anthony",1984.1.4,Male,US Citizen,White,MA,2149,Single,Production,Ketsia Liebig,Production Technician I,3,Fully Meets,19,Social Networks - Facebook Twitter etc,Active,2016.8.13,,N/A,37,5
1408069882,"Ivey, Rose",1991.1.28,Female,US Citizen,White,MA,1775,Single,Production,Brannon Miller,Production Technician I,3,Fully Meets,16,Professional Society,Active,2017.8.19,,N/A,30,4
1201031438,"Jackson, Maryellen",1972.9.11,Female,US Citizen,White,MA,2081,Single,Production,David Stanley,Production Technician I,3,Fully Meets,20,Newspager/Magazine,Active,2016.11.5,,N/A,49,5
1503072857,"Jacobi, Hannah",1966.3.22,Female,US Citizen,White,MA,1778,Divorced,Production,Kissy Sullivan,Production Technician I,3,Fully Meets,21,Employee Referral,Active,2017.9.30,,N/A,55,4
1412071713,"Jhaveri, Sneha",1964.4.13,Female,US Citizen,White,MA,2109,Separated,Production,Kelley Spirea,Production Technician I,3,Fully Meets,19,On-campus Recruiting,Active,2018.1.6,,N/A,57,3
1105025721,"Johnson, George",1959.8.19,Male,US Citizen,White,MA,2445,Married,Production,Michael Albert,Production Technician I,4,Exceeds,17,Monster.com,Voluntarily Terminated,2015.11.7,2020.4.29,More Money,62,5
1107027450,"Jung, Judy",1986.4.17,Female,US Citizen,White,MA,2446,Married,Production,Elijiah Gray,Production Technician I,3,Fully Meets,21,Monster.com,Voluntarily Terminated,2015.1.10,2020.4.1,Unhappy,35,5
1301052462,"Keatts, Kramer",1976.1.19,Male,US Citizen,White,MA,1887,Single,Production,Michael Albert,Production Technician I,3,Fully Meets,19,Billboard,Active,2017.9.30,,N/A,45,4
710007401,"Kinsella, Kathleen",1973.12.8,Female,US Citizen,White,MA,2170,Married,Production,Webster Butler,Production Technician I,3,Fully Meets,22,Search Engine - Google Bing Yahoo,Voluntarily Terminated,2015.9.26,2019.6.4,More Money,48,4
903013071,"Kirill, Alexandra",1970.10.8,Female,US Citizen,White,MA,2127,Married,Production,Amy Dunn,Production Technician I,3,Fully Meets,24,Search Engine - Google Bing Yahoo,Voluntarily Terminated,2015.9.26,2016.1.9,More Money,51,1
1304055683,"Knapp, Bradley  J",1977.11.10,Male,US Citizen,African American,MA,1721,Single,Production,Ketsia Liebig,Production Technician I,3,Fully Meets,14,On-campus Recruiting,Active,2018.2.17,,N/A,44,3
1311062610,"Kretschmer, John",1980.2.2,Male,US Citizen,Asian,MA,1801,Married,Production,Brannon Miller,Production Technician I,3,Fully Meets,21,Pay Per Click - Google,Active,2015.1.10,,N/A,41,6
1304055987,"Langton, Enrico",1986.12.9,Male,US Citizen,White,MA,2048,Married,Production,David Stanley,Production Technician I,3,Fully Meets,17,Newspager/Magazine,Active,2016.7.9,,N/A,35,5
1408069409,"Leach, Dallas",1979.1.17,Female,US Citizen,Asian,MA,1810,Single,Production,Kissy Sullivan,Production Technician I,3,Fully Meets,19,Monster.com,Voluntarily Terminated,2015.9.26,2017.8.19,Return to School,42,2
1107027575,"LeBel, Jonathan  R",1981.10.18,Male,US Citizen,White,MA,2050,Single,Production,Kelley Spirea,Production Technician I,3,Fully Meets,15,Social Networks - Facebook Twitter etc,Terminated for Cause,2015.2.21,2015.8.4,Attitude,40,0
1206042315,"Linares, Marilyn",1981.3.26,Female,US Citizen,White,MA,1886,Married,Production,Michael Albert,Production Technician I,0,N/A,15.25,Internet Search,Voluntarily Terminated,2015.7.5,2015.9.26,Unhappy,40,0
1101023353,"Lydon, Allison",1975.10.22,Female,US Citizen,African American,MA,2122,Married,Production,Elijiah Gray,Production Technician I,3,Fully Meets,20,Website Banner Ads,Leave of Absence,2019.2.16,,N/A,46,2
1001138521,"Lynch, Lindsay",1973.2.14,Female,US Citizen,Hispanic,MA,1844,Single,Production,Webster Butler,Production Technician I,4,Exceeds,19,Diversity Job Fair,Voluntarily Terminated,2015.11.7,2019.11.14,Another Position / Career Change,48,4
1201031032,"MacLennan, Samuel",1972.11.9,Male,US Citizen,White,MA,1938,Widowed,Production,Amy Dunn,Production Technician I,0,N/A,15,Pay Per Click,Voluntarily Terminated,2016.9.24,2016.9.26,Working Hours,49,0
1209049259,"Mahoney, Lauren",1986.7.7,Female,US Citizen,White,MA,2189,Single,Production,Ketsia Liebig,Production Technician I,3,Fully Meets,17,Newspager/Magazine,Active,2018.1.6,,N/A,35,3
1308060754,"Mangal, Debbie",1974.11.7,Female,US Citizen,White,MA,2451,Married,Production,Brannon Miller,Production Technician I,3,Fully Meets,23,On-campus Recruiting,Active,2017.11.11,,N/A,47,4
1401064327,"Maurice, Shana",1977.11.22,Female,US Citizen,White,MA,2330,Married,Production,David Stanley,Production Technician I,3,Fully Meets,20,Other,Active,2015.5.31,,N/A,44,6
909015167,"Mckenna, Sandy",1987.1.7,Female,US Citizen,African American,MA,2184,Married,Production,Kissy Sullivan,Production Technician I,3,Fully Meets,24,Monster.com,Active,2017.1.7,,N/A,34,4
1409070245,"Meads, Elizabeth",1968.5.30,Female,US Citizen,African American,MA,1760,Single,Production,Kelley Spirea,Production Technician I,3,Fully Meets,14,Diversity Job Fair,Voluntarily Terminated,2016.4.2,2019.11.11,Another Position / Career Change,53,3
1109029256,"Medeiros, Jennifer",1976.9.22,Female,US Citizen,White,MA,2346,Single,Production,Michael Albert,Production Technician I,0,N/A,20,Monster.com,Active,2019.3.30,,N/A,45,2
1102024121,"Motlagh,  Dawn",1984.7.7,Female,US Citizen,White,MA,2453,Divorced,Production,Elijiah Gray,Production Technician I,3,Fully Meets,15,MBTA ads,Active,2017.4.1,,N/A,37,4
1204033041,"Ndzi, Colombui",1989.5.2,Male,US Citizen,African American,MA,2110,Single,Production,Webster Butler,Production Technician I,3,Fully Meets,18,Diversity Job Fair,Voluntarily Terminated,2015.9.26,2018.4.4,Return to School,32,3
1204927150,"Ndzi, Horia",1983.3.28,Male,US Citizen,White,MA,2421,Married,Production,Amy Dunn,Production Technician I,3,Fully Meets,22,Employee Referral,Voluntarily Terminated,2017.4.1,2020.5.25,More Money,38,3
1302053044,"Newman, Richard",1977.4.8,Male,US Citizen,White,MA,2136,Married,Production,Ketsia Liebig,Production Technician I,3,Fully Meets,21,On-campus Recruiting,Leave of Absence,2018.5.12,,N/A,44,3
1403066020,"Ngodup, Shari",1967.6.3,Female,US Citizen,Asian,MA,1810,Separated,Production,Brannon Miller,Production Technician I,4,Exceeds,15,Diversity Job Fair,Active,2017.4.1,,N/A,54,4
1203032357,"Nguyen, Lei-Ming",1984.7.7,Female,US Citizen,White,MA,2132,Single,Production,David Stanley,Production Technician I,3,Fully Meets,19,Vendor Referral,Active,2017.7.8,,N/A,37,4
1206044851,"O'hare, Lynn",1980.9.30,Female,US Citizen,Hispanic,MA,2152,Single,Production,Kissy Sullivan,Production Technician I,1,Performance Improvement Plan,18.5,Professional Society,Terminated for Cause,2018.3.31,2020.5.1,Performance,41,2
1404066949,"Osturnka, Adeel",1976.12.11,Male,US Citizen,White,MA,2478,Married,Production,Kelley Spirea,Production Technician I,4,Exceeds,16,On-campus Recruiting,Active,2017.9.30,,N/A,45,4
1103024335,"Owad, Clinton",1979.11.24,Male,US Citizen,African American,MA,1760,Single,Production,Michael Albert,Production Technician I,2,Needs Improvement,22,MBTA ads,Active,2018.2.17,,N/A,42,3
1109029531,"Panjwani, Nina",1979.5.1,Female,US Citizen,White,MA,2351,Married,Production,Elijiah Gray,Production Technician I,3,Fully Meets,18,Social Networks - Facebook Twitter etc,Voluntarily Terminated,2015.2.7,2018.1.12,Another Position / Career Change,42,3
1307060058,"Pelech, Emil",1988.3.17,Male,US Citizen,African American,MA,2458,Single,Production,Webster Butler,Production Technician I,2,Needs Improvement,24,Search Engine - Google Bing Yahoo,Voluntarily Terminated,2015.1.10,2016.12.28,Another Position / Career Change,33,1
1109029186,"Perry, Shakira",1986.7.20,Female,US Citizen,White,MA,2176,Single,Production,Amy Dunn,Production Technician I,3,Fully Meets,22,MBTA ads,Voluntarily Terminated,2015.5.16,2019.10.25,Medical Issues,35,4
1307059944,"Peterson, Kayla",1973.9.23,Female,US Citizen,White,MA,1749,Married,Production,Ketsia Liebig,Production Technician I,3,Fully Meets,17,Search Engine - Google Bing Yahoo,Active,2014.4.26,,N/A,48,7
1305057440,"Pham, Hong",1988.3.6,Male,US Citizen,White,MA,2451,Married,Production,Brannon Miller,Production Technician I,3,Fully Meets,18,Search Engine - Google Bing Yahoo,Voluntarily Terminated,2015.7.5,2016.11.30,More Money,33,1
1001735072,"Pitt, Brad",1981.11.23,Male,US Citizen,African American,MA,2451,Single,Production,David Stanley,Production Technician I,3,Fully Meets,17,Search Engine - Google Bing Yahoo,Active,2011.11.5,,N/A,40,10
1102024274,"Power, Morissa",1984.10.15,Female,Eligible NonCitizen,Asian,MA,1742,Divorced,Production,Kissy Sullivan,Production Technician I,0,N/A,19,Social Networks - Facebook Twitter etc,Voluntarily Terminated,2015.5.16,2015.6.4,Another Position / Career Change,37,0
1401064562,"Punjabhi, Louis",1961.6.19,Male,US Citizen,White,MA,2109,Single,Production,Kelley Spirea,Production Technician I,3,Fully Meets,16,Employee Referral,Active,2018.1.6,,N/A,60,3
1011022926,"Purinton, Janine",1970.9.22,Female,US Citizen,White,MA,2474,Divorced,Production,Kissy Sullivan,Production Technician I,3,Fully Meets,16,Billboard,Voluntarily Terminated,2016.9.24,2017.6.18,Unhappy,51,1
1208048229,"Rarrick, Quinn",1984.12.31,Male,US Citizen,White,MA,2478,Divorced,Production,Michael Albert,Production Technician I,3,Fully Meets,21,Pay Per Click - Google,Voluntarily Terminated,2015.9.26,2016.4.7,More Money,37,1
1211050793,"Rhoads, Thomas",1982.7.22,Male,US Citizen,White,MA,2176,Divorced,Production,Elijiah Gray,Production Technician I,3,Fully Meets,20,Professional Society,Voluntarily Terminated,2015.5.16,2020.1.15,Retire,39,5
1405067642,"Rivera, Haley",1973.1.12,Female,US Citizen,Asian,MA,2171,Married,Production,Webster Butler,Production Technician I,4,Exceeds,22,Search Engine - Google Bing Yahoo,Active,2015.11.28,,N/A,48,6
1206038000,"Robinson, Alain",1974.1.7,Male,US Citizen,African American,MA,1420,Married,Production,Amy Dunn,Production Technician I,3,Fully Meets,24,Glassdoor,Voluntarily Terminated,2015.1.10,2020.1.26,Attitude,47,5
1403065625,"Robinson, Cherly",1985.1.7,Female,US Citizen,White,MA,1460,Married,Production,Ketsia Liebig,Production Technician I,2,Needs Improvement,16,Glassdoor,Terminated for Cause,2015.1.10,2020.5.17,Attitude,36,5
1011022887,"Robinson, Elias",1985.1.28,Male,US Citizen,White,MA,1730,Widowed,Production,Brannon Miller,Production Technician I,5,Exceptional,17,Employee Referral,Active,2017.7.8,,N/A,36,4
710007555,"Rose, Ashley",1974.12.5,Female,US Citizen,White,MA,1886,Separated,Production,David Stanley,Production Technician I,3,Fully Meets,17,Website Banner Ads,Active,2018.1.6,,N/A,47,3
1405067492,"Rossetti, Bruno",1987.3.18,Male,US Citizen,White,MA,2155,Single,Production,Kissy Sullivan,Production Technician I,3,Fully Meets,18,Search Engine - Google Bing Yahoo,Voluntarily Terminated,2015.4.4,2016.8.13,Another Position / Career Change,34,1
1410070998,"Saar-Beckles, Melinda",1968.6.6,Female,US Citizen,African American,MA,1801,Single,Production,Kelley Spirea,Production Technician I,0,N/A,20,Diversity Job Fair,Active,2020.7.4,,N/A,53,1
1308060535,"Sadki, Nore",1974.12.21,Male,US Citizen,White,MA,2148,Single,Production,Michael Albert,Production Technician I,3,Fully Meets,21,Word of Mouth,Voluntarily Terminated,2013.1.5,2014.7.30,Relocation out of Area,47,1
1302053362,"Sander, Kamrin",1988.7.10,Female,US Citizen,African American,MA,2154,Married,Production,Elijiah Gray,Production Technician I,3,Fully Meets,21,On-campus Recruiting,Active,2018.9.29,,N/A,33,3
807010161,"Sewkumar, Nori",1975.3.10,Female,US Citizen,Asian,MA,2191,Single,Production,Webster Butler,Production Technician I,3,Fully Meets,15.2,Search Engine - Google Bing Yahoo,Leave of Absence,2017.9.30,,N/A,46,4
1205033102,"Shields, Seffi",1985.8.24,Female,US Citizen,White,MA,2149,Married,Production,Amy Dunn,Production Technician I,3,Fully Meets,15,Newspager/Magazine,Active,2017.8.19,,N/A,36,4
1501071909,"Smith, Sade",1965.2.2,Female,US Citizen,White,MA,2130,Single,Production,Ketsia Liebig,Production Technician I,3,Fully Meets,24.5,Employee Referral,Active,2017.11.11,,N/A,56,4
1410071137,"Sparks, Taylor",1968.7.20,Female,US Citizen,White,MA,2093,Married,Production,Brannon Miller,Production Technician I,1,Performance Improvement Plan,16,Billboard,Active,2016.2.20,,N/A,53,5
1405067138,"Squatrito, Kristen",1973.3.26,Female,US Citizen,White,MA,2359,Divorced,Production,David Stanley,Production Technician I,4,Exceeds,21,MBTA ads,Voluntarily Terminated,2017.5.13,2019.6.29,Unhappy,48,2
1111030244,"Stanford,Barbara  M",1982.8.25,Female,US Citizen,Hispanic,MA,2050,Divorced,Production,Kissy Sullivan,Production Technician I,3,Fully Meets,14,Word of Mouth,Active,2015.1.10,,N/A,39,6
1106026896,"Stoica, Rick",1985.3.14,Male,US Citizen,Asian,MA,2301,Married,Production,Kelley Spirea,Production Technician I,3,Fully Meets,22,On-campus Recruiting,Active,2018.2.17,,N/A,36,3
1201031310,"Sullivan, Timothy",1982.10.7,Male,US Citizen,White,MA,2747,Married,Production,Michael Albert,Production Technician I,3,Fully Meets,19,Word of Mouth,Active,2019.1.5,,N/A,39,2
1407069061,"Sutwell, Barbara",1968.8.15,Female,Eligible NonCitizen,Asian,MA,2718,Single,Production,Elijiah Gray,Production Technician I,3,Fully Meets,14,Glassdoor,Active,2016.5.14,,N/A,53,5
1405067501,"Tavares, Desiree",1975.4.3,Female,Non-Citizen,Hispanic,MA,1801,Married,Production,Webster Butler,Production Technician I,3,Fully Meets,15,Diversity Job Fair,Voluntarily Terminated,2013.4.27,2017.4.1,Another Position / Career Change,46,4
1404066739,"Theamstern, Sophia",1965.5.9,Female,US Citizen,White,MA,2066,Single,Production,Amy Dunn,Production Technician I,0,N/A,20,Billboard,Voluntarily Terminated,2015.7.5,2015.9.5,Return to School,56,0
1103024504,"Tinto, Theresa",1983.7.30,Female,US Citizen,White,MA,1876,Divorced,Production,Ketsia Liebig,Production Technician I,3,Fully Meets,20,Social Networks - Facebook Twitter etc,Voluntarily Terminated,2015.1.10,2015.5.14,Another Position / Career Change,38,0
1409070255,"Tippett, Jeanette",1967.6.5,Female,US Citizen,African American,MA,2093,Divorced,Production,Brannon Miller,Production Technician I,3,Fully Meets,24,Billboard,Active,2017.2.18,,N/A,54,4
1012023152,"Trang, Mei",1983.5.16,Female,US Citizen,White,MA,2021,Single,Production,David Stanley,Production Technician I,0,N/A,22,Professional Society,Active,2018.2.17,,N/A,38,3
1203032235,"Veera, Abdellah",1987.1.31,Male,US Citizen,White,MA,2171,Divorced,Production,Kissy Sullivan,Production Technician I,4,Exceeds,19,Information Session,Voluntarily Terminated,2016.8.13,2020.2.5,No Return after Maternity Leave,34,4
1011022814,"Volk, Colleen",1986.6.3,Female,US Citizen,White,MA,2747,Married,Production,Kelley Spirea,Production Technician I,4,Exceeds,21,Social Networks - Facebook Twitter etc,Terminated for Cause,2015.9.26,2020.2.8,Gross Misconduct,35,5
1106026474,"Von Massenbach, Anna",1985.4.6,Female,US Citizen,White,MA,2124,Single,Production,Michael Albert,Production Technician I,0,N/A,20,Newspager/Magazine,Active,2019.7.5,,N/A,36,2
1101023619,"Wallace, Theresa",1980.8.2,Female,US Citizen,White,MA,1887,Single,Production,Elijiah Gray,Production Technician I,2,Needs Improvement,15,Monster.com,Voluntarily Terminated,2016.8.13,2019.9.1,Another Position / Career Change,41,3
1307060212,"Whittier, Scott",1987.5.24,Male,US Citizen,White,MA,2030,Single,Production,Webster Butler,Production Technician I,3,Fully Meets,23,Newspager/Magazine,Voluntarily Terminated,2015.1.10,2015.5.15,Working Hours,34,0
1101023839,"Wilber, Barry",1965.9.9,Male,Eligible NonCitizen,White,MA,2324,Married,Production,Amy Dunn,Production Technician I,3,Fully Meets,21,Website Banner Ads,Voluntarily Terminated,2015.5.16,2019.9.7,Unhappy,56,4
1308060671,"Williams, Jacquelyn",1969.10.2,Female,US Citizen,Hispanic,MA,2109,Single,Production,Ketsia Liebig,Production Technician I,3,Fully Meets,16,Diversity Job Fair,Voluntarily Terminated,2016.1.9,2019.6.27,Relocation out of Area,52,3
1001268402,"Ybarra, Catherine",1982.5.4,Female,US Citizen,Asian,MA,2458,Single,Production,Brannon Miller,Production Technician I,1,Performance Improvement Plan,22,Search Engine - Google Bing Yahoo,Voluntarily Terminated,2012.9.2,2019.9.29,Another Position / Career Change,39,7
1211051232,"Zima, Colleen",1978.8.17,Female,US Citizen,Asian,MA,1730,Widowed,Production,David Stanley,Production Technician I,3,Fully Meets,15,On-campus Recruiting,Active,2018.9.29,,N/A,43,3
1005019209,"Akinkuolie, Sarah",1988.9.19,Female,US Citizen,White,MA,1810,Married,Production,Kissy Sullivan,Production Technician II,3,Fully Meets,29,Newspager/Magazine,Voluntarily Terminated,2015.7.5,2016.9.24,Working Hours,33,1
1303054329,"Beak, Kimberly",1966.4.17,Female,US Citizen,White,MA,2145,Married,Production,Kelley Spirea,Production Technician II,4,Exceeds,27,Employee Referral,Active,2020.7.21,,N/A,55,1
1403066125,"Blount, Dianna",1990.9.21,Female,US Citizen,White,MA,2171,Single,Production,Michael Albert,Production Technician II,2,Needs Improvement,27,Monster.com,Active,2015.4.4,,N/A,31,6
1008021030,"Bondwell, Betsy",1967.1.16,Female,US Citizen,White,MA,2210,Single,Production,Elijiah Gray,Production Technician II,3,Fully Meets,26,Search Engine - Google Bing Yahoo,Voluntarily Terminated,2015.1.10,2018.4.4,Another Position / Career Change,54,3
1101023457,"Buccheri, Joseph",1983.7.28,Male,US Citizen,White,MA,1013,Single,Production,Webster Butler,Production Technician II,3,Fully Meets,22,Word of Mouth,Active,2018.9.29,,N/A,38,3
1011022820,"Burke, Joelle",1980.3.2,Female,US Citizen,African American,MA,2148,Single,Production,Amy Dunn,Production Technician II,3,Fully Meets,25,Employee Referral,Active,2016.3.5,,N/A,41,5
1301052449,"Burkett, Benjamin",1977.8.19,Male,US Citizen,White,MA,1890,Married,Production,Ketsia Liebig,Production Technician II,3,Fully Meets,26,Careerbuilder,Active,2015.4.4,,N/A,44,6
1012023226,"Cloninger, Jennifer",1981.8.31,Female,US Citizen,White,MA,1752,Married,Production,Brannon Miller,Production Technician II,3,Fully Meets,25,Word of Mouth,Voluntarily Terminated,2015.5.16,2017.1.7,Unhappy,40,2
1209048697,"Close, Phil",1978.11.25,Male,US Citizen,White,MA,2169,Married,Production,David Stanley,Production Technician II,3,Fully Meets,26,Other,Voluntarily Terminated,2014.8.30,2015.9.26,Another Position / Career Change,43,1
1201031274,"Davis, Daniel",1979.9.14,Male,Eligible NonCitizen,Hispanic,MA,2458,Single,Production,Kissy Sullivan,Production Technician II,3,Fully Meets,25,Newspager/Magazine,Active,2015.11.7,,N/A,42,6
1104025179,"Demita, Carla",1951.2.25,Female,US Citizen,African American,MA,2343,Separated,Production,Kelley Spirea,Production Technician II,3,Fully Meets,29,Search Engine - Google Bing Yahoo,Voluntarily Terminated,2015.4.4,2019.11.4,More Money,70,4
1105025661,"Erilus, Angela",1989.8.25,Female,US Citizen,White,MA,2133,Separated,Production,Michael Albert,Production Technician II,1,Performance Improvement Plan,24,Pay Per Click - Google,Active,2018.7.7,,N/A,32,3
1108028428,"Faller, Megan",1978.9.22,Female,US Citizen,African American,MA,1824,Married,Production,Elijiah Gray,Production Technician II,3,Fully Meets,27,Professional Society,Active,2018.7.7,,N/A,43,3
1402065085,"Fancett, Nicole",1987.9.27,Female,US Citizen,African American,MA,2324,Single,Production,Webster Butler,Production Technician II,3,Fully Meets,24,Newspager/Magazine,Active,2018.2.17,,N/A,34,3
1109029103,"Fitzpatrick, Michael  J",1981.10.1,Male,US Citizen,White,MA,2143,Single,Production,Amy Dunn,Production Technician II,3,Fully Meets,29,Social Networks - Facebook Twitter etc,Voluntarily Terminated,2015.5.16,2017.6.24,Working Hours,40,2
1012023204,"Foreman, Tanya",1983.11.8,Female,US Citizen,White,MA,2170,Married,Production,Ketsia Liebig,Production Technician II,3,Fully Meets,24,Word of Mouth,Voluntarily Terminated,2015.4.4,2016.1.9,Another Position / Career Change,38,1
1411071324,"Gonzalez, Juan",1964.10.12,Male,US Citizen,African American,MA,2128,Married,Production,Brannon Miller,Production Technician II,1,Performance Improvement Plan,29,Diversity Job Fair,Voluntarily Terminated,2014.4.26,2015.5.30,Another Position / Career Change,57,1
1001549006,"Good, Susan",1986.5.25,Female,US Citizen,White,MA,1886,Married,Production,David Stanley,Production Technician II,3,Fully Meets,24.25,Professional Society,Leave of Absence,2018.5.12,,N/A,35,3
1108028351,"Gosciminski, Phylicia",1983.12.8,Female,US Citizen,Hispanic,MA,1824,Separated,Production,Kissy Sullivan,Production Technician II,3,Fully Meets,27,Word of Mouth,Leave of Absence,2017.9.30,,N/A,38,4
1307059937,"Hankard, Earnest",1988.8.10,Male,US Citizen,White,MA,2155,Single,Production,Kelley Spirea,Production Technician II,3,Fully Meets,24,Newspager/Magazine,Active,2017.11.11,,N/A,33,4
1011022932,"Hendrickson, Trina",1972.8.27,Female,US Citizen,White,MA,2021,Single,Production,Kelley Spirea,Production Technician II,3,Fully Meets,24,Monster.com,Voluntarily Terminated,2015.1.10,2017.2.18,Working Hours,49,2
1207046956,"Homberger, Adrienne  J",1984.2.16,Female,Non-Citizen,White,MA,2445,Married,Production,Michael Albert,Production Technician II,3,Fully Meets,28,Glassdoor,Voluntarily Terminated,2015.8.15,2016.4.7,Relocation out of Area,37,1
1106026433,"Hunts, Julissa",1984.3.11,Female,US Citizen,White,MA,2021,Single,Production,Elijiah Gray,Production Technician II,0,N/A,25,Vendor Referral,Active,2020.6.6,,N/A,37,1
1103024924,"Hutter, Rosalie",1992.5.7,Female,US Citizen,White,MA,2351,Separated,Production,Webster Butler,Production Technician II,0,N/A,28,Other,Active,2019.6.5,,N/A,29,2
1306058509,"Huynh, Ming",1976.9.22,Female,US Citizen,White,MA,1742,Divorced,Production,Amy Dunn,Production Technician II,3,Fully Meets,23,Search Engine - Google Bing Yahoo,Voluntarily Terminated,2015.2.21,2017.4.1,Unhappy,45,2
1008020942,"Jeannite, Tayana",1986.11.6,Female,US Citizen,Hispanic,MA,1821,Divorced,Production,Ketsia Liebig,Production Technician II,4,Exceeds,22.5,MBTA ads,Active,2015.7.5,,N/A,35,6
1306057810,"Johnston, Yen",1969.9.8,Female,US Citizen,White,MA,2128,Single,Production,Brannon Miller,Production Technician II,5,Exceptional,25,Professional Society,Active,2018.7.7,,N/A,52,3
1010022030,"Langford, Lindsey",1979.7.25,Female,US Citizen,Asian,MA,2090,Divorced,Production,David Stanley,Production Technician II,3,Fully Meets,22,Glassdoor,Voluntarily Terminated,2017.1.7,2018.3.31,Another Position / Career Change,42,1
1104025486,"Latif, Mohammed",1984.5.9,Male,US Citizen,White,MA,2126,Married,Production,Kissy Sullivan,Production Technician II,3,Fully Meets,28,Word of Mouth,Voluntarily Terminated,2016.4.2,2017.4.15,More Money,37,1
1405067565,"Linden, Mathew",1979.3.19,Male,US Citizen,White,MA,1770,Married,Production,Kelley Spirea,Production Technician II,3,Fully Meets,22,Information Session,Leave of Absence,2017.7.8,,N/A,42,4
1305056276,"Lundy, Susan",1976.12.26,Female,US Citizen,White,MA,2122,Widowed,Production,Michael Albert,Production Technician II,0,N/A,24,On-campus Recruiting,Voluntarily Terminated,2017.7.8,2017.9.15,More Money,45,0
1001504432,"Lunquist, Lisa",1982.3.28,Female,US Citizen,African American,MA,2324,Single,Production,Elijiah Gray,Production Technician II,4,Exceeds,26.1,Glassdoor,Active,2017.8.19,,N/A,39,4
1110029623,"Manchester, Robyn",1976.8.25,Female,US Citizen,White,MA,2324,Married,Production,Webster Butler,Production Technician II,0,N/A,23,Vendor Referral,Active,2020.5.11,,N/A,45,1
1304055986,"Mancuso, Karen",1986.12.10,Female,US Citizen,Hispanic,MA,2176,Married,Production,Amy Dunn,Production Technician II,0,N/A,23,Newspager/Magazine,Voluntarily Terminated,2015.7.5,2015.8.19,Another Position / Career Change,35,0
1406067957,"McCarthy, Brigit",1987.5.21,Female,US Citizen,White,MA,2149,Single,Production,Ketsia Liebig,Production Technician II,0,N/A,26,Newspager/Magazine,Active,2019.3.30,,N/A,34,2
1205033439,"Miller, Ned",1985.6.29,Male,US Citizen,White,MA,2472,Single,Production,Brannon Miller,Production Technician II,1,Performance Improvement Plan,25,MBTA ads,Voluntarily Terminated,2015.8.15,2018.9.4,Unhappy,36,3
1404066711,"Monkfish, Erasumus",1992.8.17,Male,US Citizen,White,MA,1450,Married,Production,David Stanley,Production Technician II,3,Fully Meets,27,Professional Society,Active,2015.11.7,,N/A,29,6
1001103149,"Monterro, Luisa",1970.4.24,Female,US Citizen,African American,MA,2126,Single,Production,Kissy Sullivan,Production Technician II,5,Exceptional,25,Billboard,Active,2017.5.13,,N/A,51,4
1408069503,"Moran, Patrick",1976.12.3,Male,US Citizen,Hispanic,MA,2127,Single,Production,Kelley Spirea,Production Technician II,3,Fully Meets,26,Diversity Job Fair,Leave of Absence,2016.1.9,,N/A,45,5
1301052436,"Moumanil, Maliki",1974.12.1,Male,US Citizen,African American,MA,1460,Separated,Production,Michael Albert,Production Technician II,3,Fully Meets,29,On-campus Recruiting,Active,2017.5.13,,N/A,47,4
1104025435,"Nowlan, Kristie",1985.11.23,Female,US Citizen,White,MA,1040,Single,Production,Elijiah Gray,Production Technician II,3,Fully Meets,26.39,Glassdoor,Active,2018.11.10,,N/A,36,3
1001856521,"Oliver, Brooke",1952.2.11,Female,US Citizen,Asian,MA,2492,Married,Production,Webster Butler,Production Technician II,3,Fully Meets,25,Newspager/Magazine,Voluntarily Terminated,2016.5.14,2017.8.19,Unhappy,69,1
1202031821,"Pelletier, Ermine",1989.7.18,Female,US Citizen,Asian,MA,2472,Married,Production,Amy Dunn,Production Technician II,0,N/A,28,Monster.com,Voluntarily Terminated,2015.7.5,2015.9.15,Unhappy,32,0
1411071406,"Peters, Lauren",1986.8.17,Female,US Citizen,White,MA,1886,Married,Production,Ketsia Liebig,Production Technician II,4,Exceeds,29,Pay Per Click - Google,Voluntarily Terminated,2015.5.16,2016.2.4,More Money,35,1
1103024843,"Petingill, Shana",1979.3.10,Female,Eligible NonCitizen,Asian,MA,2050,Married,Production,Brannon Miller,Production Technician II,3,Fully Meets,26,MBTA ads,Active,2016.4.2,,N/A,42,5
1402065340,"Roberson, May",1981.9.5,Female,Eligible NonCitizen,White,MA,1902,Divorced,Production,David Stanley,Production Technician II,0,N/A,26,Search Engine - Google Bing Yahoo,Voluntarily Terminated,2015.9.26,2015.10.22,Return to School,40,0
1499902991,"Robertson, Peter",1972.7.3,Male,US Citizen,White,MA,2138,Married,Production,Kissy Sullivan,Production Technician II,3,Fully Meets,22,Glassdoor,Voluntarily Terminated,2015.7.5,2016.2.8,Another Position / Career Change,49,1
1106026462,"Sahoo, Adil",1986.4.26,Male,US Citizen,White,MA,2062,Married,Production,Kelley Spirea,Production Technician II,3,Fully Meets,29,Monster.com,Active,2014.8.30,,N/A,35,7
1012023103,"Sloan, Constance",1987.11.25,Female,US Citizen,White,MA,1851,Single,Production,Michael Albert,Production Technician II,3,Fully Meets,23,Monster.com,Voluntarily Terminated,2013.10.26,2019.4.8,No Return after Maternity Leave,34,6
1001970770,"Smith, Joe",1963.10.30,Male,US Citizen,White,MA,2045,Single,Production,Elijiah Gray,Production Technician II,4,Exceeds,22,Pay Per Click - Google,Active,2018.9.29,,N/A,58,3
1406068345,"Tejeda, Lenora",1953.5.24,Female,US Citizen,White,MA,2129,Married,Production,Elijiah Gray,Production Technician II,3,Fully Meets,28.75,Search Engine - Google Bing Yahoo,Voluntarily Terminated,2015.5.16,2016.7.8,Another Position / Career Change,68,1
1011022777,"Thibaud, Kenneth",1975.9.16,Male,US Citizen,White,MA,2472,Widowed,Production,Webster Butler,Production Technician II,3,Fully Meets,23,Pay Per Click - Google,Voluntarily Terminated,2011.6.25,2014.8.30,Military,46,3
1107027551,"Trzeciak, Cybil",1985.3.15,Female,US Citizen,White,MA,1778,Single,Production,Amy Dunn,Production Technician II,3,Fully Meets,22,Vendor Referral,Voluntarily Terminated,2015.1.10,2016.7.2,Unhappy,36,1
1011022818,"Walker, Roger",1976.2.10,Male,US Citizen,African American,MA,2459,Single,Production,Ketsia Liebig,Production Technician II,3,Fully Meets,22,Employee Referral,Active,2018.8.18,,N/A,45,3
1405067188,"Winthrop, Jordan",1958.11.7,Male,US Citizen,White,MA,2045,Single,Production,Brannon Miller,Production Technician II,4,Exceeds,29,Professional Society,Voluntarily Terminated,2017.1.7,2020.2.21,Retire,63,3
1205033180,"Wolk, Hang  T",1985.4.20,Female,US Citizen,White,MA,2302,Single,Production,David Stanley,Production Technician II,3,Fully Meets,22,Newspager/Magazine,Active,2018.9.29,,N/A,36,3
1012023010,"Woodson, Jason",1985.5.11,Male,US Citizen,White,MA,1810,Single,Production,Kissy Sullivan,Production Technician II,3,Fully Meets,24.25,Vendor Referral,Active,2018.7.7,,N/A,36,3
1504073313,"Buck, Edward",1975.7.7,Male,US Citizen,White,MA,2330,Married,Sales,Lynn Daneault,Area Sales Manager,3,Fully Meets,55,Employee Referral,Active,2018.9.29,,N/A,46,3
1504073368,"Bunbury, Jessica",1964.6.1,Female,Eligible NonCitizen,African American,VA,21851,Married,Sales,John Smith,Area Sales Manager,3,Fully Meets,55,Social Networks - Facebook Twitter etc,Voluntarily Terminated,2015.8.15,2018.8.2,Another Position / Career Change,57,3
1403065721,"Carter, Michelle",1963.5.15,Female,US Citizen,White,VT,5664,Single,Sales,John Smith,Area Sales Manager,3,Fully Meets,55,Billboard,Active,2018.8.18,,N/A,58,3
1409070567,"Costa, Latia",1988.11.8,Female,US Citizen,White,CA,90007,Single,Sales,Lynn Daneault,Area Sales Manager,4,Exceeds,55,Other,Active,2015.1.10,,N/A,33,6
1408069481,"Dietrich, Jenna",1987.5.14,Female,US Citizen,White,WA,98052,Single,Sales,John Smith,Area Sales Manager,1,Performance Improvement Plan,55,Website Banner Ads,Active,2016.2.20,,N/A,34,5
1306059197,"Digitale, Alfred",1988.9.14,Male,US Citizen,Hispanic,NH,3062,Married,Sales,John Smith,Area Sales Manager,3,Fully Meets,56,Pay Per Click - Google,Active,2018.8.18,,N/A,33,3
1411071302,"Fraval, Maruk",1963.8.28,Male,US Citizen,African American,CT,6050,Single,Sales,Lynn Daneault,Area Sales Manager,3,Fully Meets,55,Monster.com,Active,2015.9.6,,N/A,58,6
1204032843,"Friedman, Gerry",1969.2.24,Male,US Citizen,Hispanic,NY,10171,Single,Sales,John Smith,Area Sales Manager,3,Fully Meets,55.5,Diversity Job Fair,Active,2015.3.7,,N/A,52,6
1302053046,"Gill, Whitney",1971.7.10,Female,US Citizen,African American,OH,43050,Widowed,Sales,John Smith,Area Sales Manager,3,Fully Meets,55,Monster.com,Terminated for Cause,2018.7.7,2019.9.5,Attitude,50,1
1203032099,"Givens, Myriam",1989.9.22,Female,US Citizen,White,IN,46204,Single,Sales,Lynn Daneault,Area Sales Manager,3,Fully Meets,55,Pay Per Click - Google,Active,2019.2.16,,N/A,32,2
1411071481,"Gonzales, Ricardo",1954.10.12,Male,US Citizen,White,ID,83706,Married,Sales,John Smith,Area Sales Manager,3,Fully Meets,55.5,Monster.com,Active,2018.5.12,,N/A,67,3
1001167253,"Guilianno, Mike",1969.2.9,Male,US Citizen,Hispanic,TN,37129,Single,Sales,John Smith,Area Sales Manager,3,Fully Meets,55,Newspager/Magazine,Voluntarily Terminated,2015.3.7,2018.10.31,Relocation out of Area,52,3
1001084890,Jeremy Prater,1974.5.9,Male,US Citizen,White,NV,89139,Married,Sales,Lynn Daneault,Area Sales Manager,1,Performance Improvement Plan,56,Website Banner Ads,Active,2018.5.12,,N/A,47,3
1104025008,"Khemmich, Bartholemew",1979.11.27,Male,US Citizen,White,CO,80820,Single,Sales,Lynn Daneault,Area Sales Manager,3,Fully Meets,55,Pay Per Click - Google,Active,2017.8.19,,N/A,42,4
1412071660,"Leruth, Giovanni",1988.12.27,Male,US Citizen,African American,UT,84111,Separated,Sales,John Smith,Area Sales Manager,3,Fully Meets,55,Website Banner Ads,Active,2016.4.30,,N/A,33,5
1209048771,"Martins, Joseph",1970.6.11,Male,Eligible NonCitizen,African American,TX,78207,Single,Sales,Lynn Daneault,Area Sales Manager,3,Fully Meets,56,Employee Referral,Active,2016.5.14,,N/A,51,5
1209049326,"McKinzie, Jac",1984.7.1,Male,US Citizen,Hispanic,TX,78789,Married,Sales,Lynn Daneault,Area Sales Manager,0,N/A,55,Website Banner Ads,Active,2020.7.6,,N/A,37,1
1306057978,"Mullaney, Howard",1975.11.2,Male,US Citizen,Hispanic,AL,36006,Single,Sales,John Smith,Area Sales Manager,2,Needs Improvement,55,Internet Search,Active,2018.9.29,,N/A,46,3
1111030684,"Nguyen, Dheepa",1989.3.31,Female,US Citizen,Hispanic,GA,30428,Single,Sales,Lynn Daneault,Area Sales Manager,3,Fully Meets,55,Pay Per Click - Google,Active,2017.7.8,,N/A,32,4
1501072180,"Onque, Jasmine",1990.5.11,Female,US Citizen,White,FL,33174,Single,Sales,Lynn Daneault,Area Sales Manager,3,Fully Meets,57,Pay Per Click - Google,Active,2017.9.30,,N/A,31,4
812011761,"Ozark, Travis",1982.5.19,Male,US Citizen,White,NC,27229,Single,Sales,John Smith,Area Sales Manager,3,Fully Meets,55,Website Banner Ads,Active,2019.1.5,,N/A,39,2
1102024106,"Potts, Xana",1988.8.29,Female,US Citizen,African American,KY,40220,Married,Sales,Lynn Daneault,Area Sales Manager,3,Fully Meets,55,Website Banner Ads,Active,2016.1.9,,N/A,33,5
1502072711,"Riordan, Michael",1968.1.15,Male,US Citizen,White,ND,58782,Separated,Sales,Lynn Daneault,Area Sales Manager,4,Exceeds,55,Billboard,Active,2010.1.9,,N/A,53,11
1411071295,"Strong, Caitrin",1989.5.12,Female,US Citizen,African American,MT,59102,Married,Sales,John Smith,Area Sales Manager,3,Fully Meets,54,Professional Society,Active,2014.9.27,,N/A,32,7
1401064637,"Terry, Sharlene",1965.5.7,Female,US Citizen,African American,OR,97756,Single,Sales,Lynn Daneault,Area Sales Manager,3,Fully Meets,55,Monster.com,Active,2018.9.29,,N/A,56,3
1312063714,"Valentin,Jackie",1991.5.23,Female,US Citizen,Hispanic,AZ,85006,Married,Sales,John Smith,Area Sales Manager,3,Fully Meets,55,Other,Active,2015.7.5,,N/A,30,6
1111030503,"Villanueva, Noah",1989.7.11,Male,US Citizen,Asian,ME,4063,Single,Sales,John Smith,Area Sales Manager,3,Fully Meets,56,Website Banner Ads,Active,2016.3.5,,N/A,32,5
1009021646,"Houlihan, Debra",1966.3.17,Female,US Citizen,White,RI,2908,Married,Sales,Janet King,Director of Sales,3,Fully Meets,60,MBTA ads,Active,2018.5.5,,N/A,55,3
1402065303,"Daneault, Lynn",1990.4.19,Female,US Citizen,White,VT,5473,Single,Sales,Debra Houlihan,Sales Manager,3,Fully Meets,54,Pay Per Click - Google,Active,2018.5.5,,N/A,31,3
1109029264,"Kampew, Donysha",1989.11.11,Female,US Citizen,White,PA,19444,Single,Sales,Debra Houlihan,Sales Manager,3,Fully Meets,60.25,Social Networks - Facebook Twitter etc,Voluntarily Terminated,2015.11.7,2018.4.24,No Return after Maternity Leave,32,3
1499902910,"Smith, John",1984.8.16,Male,US Citizen,African American,MA,1886,Divorced,Sales,Debra Houlihan,Sales Manager,2,Needs Improvement,56,Diversity Job Fair,Active,2018.5.18,,N/A,37,3
1107027358,"Andreola, Colby",1979.5.24,Female,US Citizen,White,MA,2110,Single,Software Engineering,Alex Sweetwater,Software Engineer,3,Fully Meets,47.6,Vendor Referral,Active,2018.11.10,,N/A,42,3
1101023577,"Carabbio, Judith",1987.4.5,Female,US Citizen,White,MA,2132,Single,Software Engineering,Alex Sweetwater,Software Engineer,3,Fully Meets,56,Pay Per Click - Google,Active,2017.11.11,,N/A,34,4
1203032498,"Del Bosque, Keyla",1979.7.5,Female,US Citizen,African American,MA,2176,Single,Software Engineering,Alex Sweetwater,Software Engineer,3,Fully Meets,57.12,Monster.com,Active,2016.1.9,,N/A,42,5
1401064670,"Exantus, Susan",1987.5.15,Female,US Citizen,African American,MA,1749,Married,Software Engineering,Alex Sweetwater,Software Engineer,2,Needs Improvement,48.5,Billboard,Terminated for Cause,2015.5.2,2017.6.5,Attitude,34,2
1303054625,"Martin, Sandra",1987.11.7,Female,US Citizen,Asian,MA,2135,Single,Software Engineering,Alex Sweetwater,Software Engineer,3,Fully Meets,55.51,Search Engine - Google Bing Yahoo,Active,2017.11.11,,N/A,34,4
1112030979,"Patronick, Luke",1979.2.20,Male,US Citizen,Asian,MA,1844,Single,Software Engineering,Alex Sweetwater,Software Engineer,4,Exceeds,52.25,Diversity Job Fair,Voluntarily Terminated,2015.11.7,2019.9.7,Another Position / Career Change,42,4
1012023185,"Saada, Adell",1986.7.24,Female,US Citizen,White,MA,2132,Married,Software Engineering,Alex Sweetwater,Software Engineer,3,Fully Meets,49.25,Pay Per Click - Google,Active,2016.11.5,,N/A,35,5
1201031324,"Szabo, Andrew",1983.5.6,Male,US Citizen,White,MA,2140,Single,Software Engineering,Alex Sweetwater,Software Engineer,5,Exceptional,48,MBTA ads,Active,2018.7.7,,N/A,38,3
1102024057,"True, Edward",1983.6.14,Male,Non-Citizen,African American,MA,2451,Single,Software Engineering,Alex Sweetwater,Software Engineer,3,Fully Meets,45.42,Diversity Job Fair,Voluntarily Terminated,2017.2.18,2018.4.15,Medical Issues,38,1
1001644719,"Sweetwater, Alex",1966.11.22,Male,US Citizen,White,MA,2184,Single,Software Engineering,Jennifer Zamora,Software Engineering Manager,3,Fully Meets,27,Search Engine - Google Bing Yahoo,Active,2015.8.15,,N/A,55,6
1009919920,"Champaigne, Brian",1972.2.9,Male,US Citizen,White,MA,2045,Married,IT/IS,Jennifer Zamora,BI Director,3,Fully Meets,63.5,Professional Society,Active,2020.9.6,,N/A,49,1
1009919930,"Le, Binh",1987.6.14,Female,US Citizen,Asian,MA,1886,Single,IT/IS,Brian Champaigne,Senior BI Developer,3,Fully Meets,50.25,Indeed,Active,2020.10.2,,N/A,34,1
1009919940,"Rachael, Maggie",1980.5.12,Female,US Citizen,African American,MA,2110,Married,IT/IS,Brian Champaigne,BI Developer,3,Fully Meets,45,Indeed,Active,2020.10.2,,N/A,41,1
1009919950,"Roper, Katie",1972.11.21,Female,US Citizen,African American,MA,2056,Single,IT/IS,Brian Champaigne,Data Architect,3,Fully Meets,55,Indeed,Active,2021.1.7,,N/A,49,0
1009919960,"Navathe, Kurt",1970.4.25,Male,US Citizen,Asian,MA,2056,Single,IT/IS,Brian Champaigne,Senior BI Developer,3,Fully Meets,52.25,Indeed,Active,2021.2.10,,N/A,51,0
1009919970,"Wang, Charlie",1981.7.8,Male,US Citizen,Asian,MA,1887,Single,IT/IS,Brian Champaigne,Senior BI Developer,3,Fully Meets,51,Indeed,Active,2021.2.15,,N/A,40,0
1009919980,"Smith, Jason",1983.9.4,Male,US Citizen,White,MA,2045,Single,IT/IS,Brian Champaigne,BI Developer,3,Fully Meets,46,Indeed,Active,2021.2.15,,N/A,38,0
1009919990,"Westinghouse, Matthew",1987.10.24,Male,US Citizen,White,MA,2134,Married,IT/IS,Brian Champaigne,BI Developer,3,Fully Meets,45,Indeed,Active,2021.4.20,,N/A,34,0
1009920000,"Hubert, Robert",1989.6.30,Male,US Citizen,African American,MA,2134,Married,IT/IS,Brian Champaigne,BI Developer,3,Fully Meets,45,Indeed,Active,2021.4.20,,N/A,32,0